Seed,X Position,Y Position,ElapsedTime(ms)
1,0,0,570
1,-1,0,46
1,0,-1,137
1,-1,-1,169
1,0,1,190
1,1,0,180
1,1,-1,203
1,-1,1,228
1,-2,0,235
1,0,-2,237
1,1,1,256
1,0,2,269
1,2,0,267
1,-2,-1,225
1,-1,-2,218
1,-2,1,249
1,1,-2,197
1,-1,2,226
1,2,-1,229
1,-2,-2,181
1,1,2,239
1,2,1,228
1,-2,2,219
1,2,-2,218
1,-3,0,193
1,0,-3,196
1,2,2,246
1,-3,-1,196
1,0,3,239
1,-1,-3,192
1,-3,1,200
1,3,0,227
1,-1,3,239
1,1,-3,232
1,1,3,272
1,3,-1,256
1,-3,-2,209
1,-2,-3,211
1,3,1,256
1,-3,2,229
1,2,-3,231
1,-2,3,255
1,3,-2,202
1,2,3,238
1,-4,0,195
1,0,-4,196
1,3,2,220
1,-4,-1,191
1,0,4,229
1,-1,-4,195
1,-4,1,204
1,4,0,249
1,-1,4,225
1,1,-4,201
1,-3,-3,167
1,1,4,232
1,4,-1,232
1,-3,3,216
1,-4,-2,193
1,4,1,247
1,3,-3,217
1,3,3,240
1,-2,-4,185
1,-4,2,200
1,-2,4,205
1,2,-4,195
1,2,4,225
1,-5,0,197
1,-4,-3,192
1,4,-2,218
1,4,2,251
1,-4,3,214
1,-3,-4,169
1,-3,4,214
1,0,-5,207
1,0,5,215
1,3,-4,211
1,4,-3,230
1,3,4,242
1,-5,-1,197
1,4,3,235
1,5,0,223
1,-5,1,193
1,-1,-5,186
1,1,-5,196
1,-1,5,225
1,-5,-2,191
1,1,5,238
1,5,-1,215
1,-2,-5,186
1,-5,2,201
1,5,1,225
1,-2,5,240
1,2,-5,241
1,5,-2,249
1,2,5,264
1,-4,-4,206
1,-5,-3,221
1,-4,4,245
1,5,2,259
1,4,-4,247
1,4,4,274
1,-3,-5,177
1,-5,3,204
1,3,-5,205
1,-3,5,215
1,0,-6,184
1,-6,0,194
1,3,5,249
1,5,-3,209
1,5,3,232
1,-6,-1,184
1,0,6,224
1,6,0,236
1,-6,1,191
1,-1,-6,190
1,1,-6,186
1,-1,6,207
1,6,-1,217
1,-6,-2,180
1,1,6,225
1,6,1,245
1,-2,-6,185
1,-6,2,208
1,2,-6,204
1,-2,6,212
1,-5,-4,171
1,6,-2,219
1,2,6,228
1,6,2,215
1,-5,4,207
1,-4,-5,168
1,-4,5,212
1,4,-5,212
1,5,-4,190
1,4,5,241
1,-6,-3,173
1,-6,3,199
1,-3,-6,202
1,5,4,238
1,-3,6,210
1,3,-6,206
1,6,-3,189
1,3,6,229
1,6,3,223
1,-7,0,181
1,0,-7,223
1,-7,-1,221
1,-5,-5,217
1,0,7,244
1,-7,1,230
1,7,0,247
1,-5,5,240
1,-1,-7,209
1,1,-7,199
1,-1,7,242
1,1,7,213
1,5,-5,183
1,-6,-4,163
1,5,5,205
1,7,-1,204
1,-4,-6,154
1,7,1,203
1,-6,4,166
1,-4,6,173
1,4,-6,170
1,6,-4,173
1,-7,-2,154
1,4,6,200
1,6,4,195
1,-7,2,172
1,-2,-7,172
1,2,-7,159
1,-2,7,184
1,2,7,197
1,7,-2,177
1,-7,-3,150
1,-3,-7,160
1,-7,3,174
1,7,2,201
1,-3,7,174
1,3,-7,174
1,7,-3,191
1,3,7,206
1,-6,-5,146
1,7,3,199
1,-6,5,161
1,-5,-6,156
1,5,-6,183
1,-5,6,191
1,6,-5,195
1,-8,0,162
1,5,6,214
1,6,5,206
1,0,-8,173
1,-8,-1,167
1,0,8,190
1,8,0,194
1,-8,1,155
1,-7,-4,155
1,-4,-7,168
1,-7,4,187
1,-1,-8,153
1,-4,7,190
1,-1,8,196
1,1,-8,158
1,4,-7,162
1,1,8,178
1,7,-4,184
1,4,7,200
1,-8,-2,156
1,7,4,206
1,8,-1,196
1,8,1,192
1,-8,2,166
1,-2,-8,152
1,2,-8,155
1,-2,8,189
1,2,8,199
1,8,-2,193
1,-6,-6,155
1,8,2,197
1,6,-6,173
1,-6,6,180
1,-8,-3,164
1,6,6,239
1,-3,-8,177
1,-8,3,201
1,3,-8,173
1,-3,8,212
1,3,8,228
1,-7,-5,196
1,8,-3,219
1,-7,5,185
1,8,3,224
1,-5,-7,156
1,5,-7,173
1,-5,7,191
1,5,7,206
1,7,-5,169
1,-8,-4,160
1,-4,-8,165
1,7,5,195
1,-8,4,179
1,4,-8,162
1,-4,8,189
1,4,8,204
1,8,-4,189
1,-9,0,167
1,0,-9,166
1,8,4,196
1,-9,-1,170
1,-9,1,175
1,0,9,206
1,-1,-9,175
1,9,0,203
1,1,-9,171
1,-1,9,185
1,1,9,193
1,-9,-2,158
1,9,-1,195
1,9,1,195
1,-9,2,150
1,-7,-6,159
1,-6,-7,157
1,-7,6,193
1,-6,7,182
1,-2,-9,171
1,2,-9,168
1,-2,9,185
1,6,-7,168
1,2,9,189
1,7,-6,172
1,6,7,205
1,7,6,201
1,9,-2,187
1,-8,-5,150
1,9,2,187
1,-5,-8,169
1,-8,5,183
1,5,-8,178
1,-5,8,188
1,8,-5,174
1,5,8,201
1,-9,-3,166
1,8,5,201
1,-9,3,178
1,-3,-9,148
1,3,-9,161
1,-3,9,191
1,9,-3,190
1,-9,-4,156
1,3,9,209
1,9,3,193
1,-9,4,184
1,-4,-9,207
1,4,-9,231
1,-4,9,239
1,4,9,264
1,9,-4,246
1,-7,-7,222
1,-7,7,229
1,7,-7,206
1,9,4,262
1,-10,0,175
1,-8,-6,158
1,7,7,202
1,-8,6,181
1,-6,-8,127
1,0,-10,153
1,-6,8,165
1,6,-8,171
1,0,10,179
1,8,-6,177
1,-10,-1,161
1,6,8,209
1,8,6,198
1,10,0,198
1,-10,1,156
1,-1,-10,167
1,-1,10,199
1,1,-10,172
1,1,10,184
1,-10,-2,160
1,10,-1,181
1,-10,2,160
1,-2,-10,159
1,10,1,193
1,-2,10,200
1,2,-10,176
1,2,10,186
1,10,-2,189
1,-9,-5,163
1,-5,-9,158
1,10,2,190
1,-9,5,170
1,5,-9,164
1,-5,9,187
1,5,9,188
1,9,-5,184
1,-10,-3,149
1,-10,3,163
1,-3,-10,173
1,9,5,198
1,3,-10,177
1,-3,10,195
1,3,10,190
1,10,-3,181
1,-8,-7,139
1,10,3,223
1,-7,-8,142
1,-8,7,182
1,-7,8,166
1,7,-8,181
1,8,-7,180
1,7,8,202
1,-10,-4,166
1,-10,4,156
1,8,7,197
1,-4,-10,152
1,-4,10,186
1,4,-10,177
1,4,10,195
1,10,-4,233
1,-9,-6,213
1,10,4,228
1,-6,-9,244
1,-9,6,277
1,-6,9,265
1,6,-9,231
1,-11,0,124
1,0,-11,163
1,9,-6,278
1,6,9,287
1,9,6,259
1,0,11,187
1,11,0,198
1,-11,-1,172
1,-11,1,170
1,-1,-11,163
1,1,-11,154
1,-1,11,209
1,-11,-2,163
1,11,-1,196
1,1,11,209
1,11,1,201
1,-11,2,163
1,-10,-5,169
1,-5,-10,168
1,-10,5,183
1,-2,-11,184
1,-5,10,198
1,2,-11,164
1,-2,11,193
1,5,-10,191
1,2,11,218
1,10,-5,177
1,5,10,211
1,10,5,199
1,11,-2,212
1,-8,-8,169
1,11,2,206
1,-8,8,189
1,8,-8,191
1,-11,-3,162
1,-11,3,177
1,-9,-7,166
1,-7,-9,145
1,8,8,219
1,-9,7,171
1,-7,9,178
1,-3,-11,153
1,-3,11,182
1,3,-11,179
1,3,11,180
1,7,-9,176
1,9,-7,186
1,7,9,194
1,9,7,199
1,11,-3,194
1,-10,-6,142
1,11,3,200
1,-10,6,154
1,-6,-10,156
1,6,-10,165
1,-6,10,191
1,-11,-4,152
1,10,-6,180
1,6,10,197
1,-11,4,170
1,10,6,199
1,-4,-11,150
1,4,-11,183
1,-4,11,195
1,11,-4,182
1,4,11,203
1,0,-12,161
1,-12,0,170
1,11,4,191
1,0,12,169
1,-12,-1,167
1,12,0,194
1,-9,-8,149
1,-12,1,161
1,-8,-9,136
1,-9,8,213
1,-1,-12,194
1,1,-12,199
1,-8,9,220
1,-1,12,224
1,8,-9,200
1,1,12,212
1,9,-8,215
1,8,9,236
1,9,8,225
1,-11,-5,157
1,12,-1,180
1,12,1,178
1,-5,-11,157
1,-11,5,182
1,5,-11,173
1,-5,11,182
1,11,-5,178
1,5,11,199
1,11,5,189
1,-12,-2,170
1,-2,-12,147
1,-12,2,167
1,2,-12,158
1,-2,12,177
1,2,12,200
1,12,-2,195
1,-10,-7,140
1,12,2,198
1,-7,-10,143
1,-10,7,164
1,7,-10,162
1,-7,10,185
1,7,10,209
1,10,-7,186
1,-12,-3,150
1,-12,3,169
1,10,7,207
1,-3,-12,152
1,3,-12,168
1,-3,12,189
1,3,12,184
1,12,-3,177
1,-11,-6,162
1,-11,6,161
1,-6,-11,157
1,12,3,189
1,6,-11,173
1,-6,11,186
1,11,-6,171
1,6,11,202
1,-12,-4,153
1,-4,-12,148
1,11,6,202
1,-12,4,167
1,4,-12,166
1,-4,12,199
1,12,-4,179
1,4,12,197
1,-9,-9,140
1,12,4,170
1,-9,9,167
1,-10,-8,142
1,9,-9,190
1,-10,8,167
1,-8,-10,151
1,9,9,192
1,8,-10,165
1,-8,10,182
1,10,-8,178
1,8,10,201
1,-13,0,166
1,10,8,186
1,-12,-5,147
1,-12,5,166
1,-5,-12,162
1,-5,12,170
1,0,-13,218
1,0,13,230
1,5,-12,201
1,5,12,234
1,-13,-1,190
1,12,-5,228
1,-13,1,198
1,12,5,234
1,13,0,222
1,-11,-7,188
1,-11,7,167
1,-7,-11,151
1,-1,-13,155
1,-7,11,198
1,1,-13,150
1,-1,13,193
1,7,-11,179
1,1,13,190
1,11,-7,188
1,7,11,196
1,13,-1,188
1,11,7,203
1,-13,-2,151
1,-13,2,158
1,13,1,185
1,-2,-13,154
1,2,-13,159
1,-2,13,188
1,13,-2,182
1,2,13,200
1,-13,-3,167
1,-13,3,164
1,-3,-13,161
1,13,2,196
1,-3,13,165
1,3,-13,173
1,3,13,196
1,-12,-6,149
1,13,-3,183
1,13,3,186
1,-12,6,165
1,-6,-12,153
1,6,-12,167
1,-6,12,184
1,12,-6,173
1,6,12,202
1,-10,-9,155
1,-9,-10,148
1,-10,9,169
1,12,6,197
1,-9,10,169
1,9,-10,191
1,10,-9,167
1,9,10,206
1,-13,-4,163
1,-13,4,158
1,-11,-8,144
1,10,9,201
1,-8,-11,136
1,-11,8,181
1,-8,11,172
1,-4,-13,151
1,4,-13,163
1,-4,13,200
1,8,-11,160
1,4,13,198
1,11,-8,191
1,11,8,196
1,8,11,213
1,13,-4,172
1,-12,-7,147
1,13,4,197
1,-7,-12,146
1,-12,7,173
1,7,-12,160
1,-7,12,191
1,7,12,226
1,12,-7,224
1,12,7,233
1,-13,-5,257
1,-13,5,258
1,-5,-13,260
1,5,-13,232
1,-14,0,124
1,13,-5,214
1,0,-14,127
1,0,14,121
1,-5,13,328
1,5,13,315
1,13,5,232
1,14,0,163
1,-14,-1,139
1,-14,1,144
1,-1,-14,177
1,1,-14,166
1,-1,14,196
1,1,14,199
1,-14,-2,161
1,14,-1,175
1,-14,2,151
1,-10,-10,146
1,14,1,180
1,-10,10,171
1,-2,-14,143
1,-2,14,179
1,2,-14,144
1,-11,-9,143
1,10,-10,176
1,2,14,187
1,10,10,187
1,14,-2,180
1,14,2,180
1,-11,9,164
1,-9,-11,148
1,-9,11,166
1,9,-11,164
1,-14,-3,148
1,11,-9,170
1,11,9,185
1,-13,-6,168
1,9,11,205
1,-14,3,178
1,-6,-13,159
1,-13,6,179
1,-3,-14,142
1,-6,13,173
1,3,-14,154
1,-3,14,171
1,6,-13,155
1,3,14,171
1,13,-6,173
1,6,13,198
1,13,6,191
1,14,-3,198
1,-12,-8,154
1,14,3,202
1,-8,-12,138
1,-12,8,155
1,-8,12,184
1,8,-12,174
1,-14,-4,157
1,8,12,186
1,12,-8,177
1,-14,4,165
1,12,8,198
1,-4,-14,163
1,4,-14,152
1,-4,14,169
1,4,14,176
1,14,-4,172
1,-13,-7,148
1,-7,-13,147
1,-13,7,171
1,14,4,184
1,7,-13,157
1,-7,13,172
1,13,-7,187
1,7,13,199
1,-14,-5,147
1,-11,-10,149
1,-14,5,164
1,13,7,193
1,-10,-11,156
1,-11,10,169
1,-5,-14,150
1,-10,11,166
1,5,-14,167
1,-5,14,190
1,5,14,233
1,10,-11,209
1,10,11,209
1,11,-10,211
1,-15,0,203
1,14,-5,221
1,11,10,235
1,14,5,228
1,-12,-9,175
1,-12,9,183
1,-9,-12,145
1,0,-15,163
1,-9,12,181
1,9,-12,163
1,12,-9,159
1,0,15,197
1,9,12,199
1,12,9,194
1,-15,-1,155
1,15,0,202
1,-15,1,150
1,-1,-15,159
1,-1,15,193
1,1,-15,172
1,1,15,189
1,15,-1,192
1,-15,-2,154
1,15,1,166
1,-15,2,165
1,-2,-15,164
1,-2,15,182
1,2,-15,155
1,2,15,179
1,15,-2,179
1,-14,-6,151
1,-6,-14,153
1,-14,6,177
1,15,2,193
1,6,-14,158
1,-6,14,169
1,6,14,190
1,14,-6,188
1,-13,-8,141
1,-8,-13,153
1,-13,8,178
1,14,6,191
1,8,-13,163
1,-8,13,173
1,13,-8,185
1,8,13,200
1,-15,-3,147
1,13,8,199
1,-15,3,171
1,-3,-15,151
1,3,-15,159
1,-3,15,168
1,3,15,193
1,15,-3,191
1,-15,-4,157
1,-15,4,150
1,15,3,184
1,-4,-15,158
1,-4,15,177
1,4,-15,183
1,4,15,188
1,15,-4,183
1,-11,-11,157
1,-11,11,175
1,15,4,194
1,11,-11,174
1,-12,-10,138
1,11,11,187
1,-10,-12,139
1,-12,10,154
1,-10,12,164
1,10,-12,176
1,-14,-7,151
1,10,12,201
1,12,-10,178
1,-14,7,159
1,-7,-14,170
1,12,10,243
1,7,-14,192
1,-7,14,215
1,7,14,218
1,14,-7,209
1,-13,-9,156
1,-15,-5,194
1,14,7,225
1,-15,5,210
1,-9,-13,149
1,-13,9,184
1,-9,13,161
1,-5,-15,166
1,5,-15,160
1,-5,15,196
1,5,15,188
1,9,-13,171
1,13,-9,171
1,9,13,187
1,13,9,185
1,15,-5,192
1,-16,0,161
1,15,5,194
1,0,-16,148
1,-16,-1,155
1,0,16,195
1,-16,1,176
1,-1,-16,166
1,16,0,195
1,1,-16,156
1,-1,16,173
1,1,16,174
1,16,-1,187
1,16,1,182
1,-16,-2,164
1,-16,2,141
1,-14,-8,150
1,-8,-14,147
1,-14,8,167
1,-2,-16,154
1,-8,14,183
1,2,-16,154
1,-2,16,177
1,8,-14,154
1,2,16,199
1,14,-8,171
1,8,14,203
1,14,8,191
1,-15,-6,149
1,16,-2,194
1,16,2,200
1,-15,6,158
1,-6,-15,156
1,-6,15,166
1,6,-15,157
1,6,15,189
1,15,-6,171
1,-16,-3,160
1,-16,3,162
1,-12,-11,151
1,15,6,184
1,-11,-12,156
1,-12,11,182
1,-11,12,167
1,-3,-16,150
1,3,-16,151
1,-3,16,166
1,3,16,179
1,11,-12,174
1,12,-11,163
1,11,12,180
1,16,-3,173
1,12,11,203
1,-13,-10,150
1,16,3,190
1,-10,-13,151
1,-13,10,174
1,10,-13,159
1,-10,13,175
1,10,13,186
1,13,-10,207
1,-16,-4,195
1,-16,4,188
1,13,10,237
1,-4,-16,183
1,4,-16,189
1,-4,16,219
1,4,16,228
1,16,-4,222
1,-15,-7,151
1,16,4,195
1,-15,7,157
1,-7,-15,146
1,-7,15,179
1,7,-15,166
1,7,15,197
1,15,-7,182
1,-14,-9,146
1,-9,-14,147
1,-14,9,159
1,15,7,174
1,-9,14,176
1,9,-14,180
1,14,-9,162
1,9,14,187
1,-16,-5,154
1,-16,5,159
1,-5,-16,149
1,14,9,193
1,5,-16,177
1,-5,16,185
1,5,16,180
1,16,-5,180
1,-12,-12,149
1,16,5,203
1,-12,12,165
1,12,-12,185
1,-17,0,157
1,-15,-8,146
1,-15,8,161
1,12,12,208
1,-8,-15,151
1,0,-17,173
1,-8,15,189
1,0,17,171
1,8,-15,167
1,8,15,180
1,15,-8,174
1,15,8,197
1,17,0,185
1,-13,-11,140
1,-13,11,146
1,-11,-13,139
1,-17,-1,222
1,-17,1,216
1,-11,13,149
1,-1,-17,178
1,11,-13,161
1,13,-11,187
1,1,-17,235
1,11,13,200
1,13,11,191
1,1,17,240
1,-16,-6,115
1,17,-1,221
1,-1,17,301
1,17,1,211
1,-16,6,137
1,-6,-16,108
1,6,-16,138
1,-6,16,151
1,6,16,164
1,16,-6,158
1,-17,-2,163
1,-17,2,151
1,16,6,186
1,-2,-17,155
1,-2,17,161
1,2,-17,153
1,2,17,171
1,17,-2,179
1,-14,-10,157
1,-10,-14,150
1,17,2,187
1,-14,10,166
1,-10,14,168
1,10,-14,167
1,10,14,198
1,14,-10,178
1,-17,-3,158
1,14,10,203
1,-17,3,163
1,-3,-17,163
1,3,-17,163
1,-3,17,180
1,3,17,192
1,17,-3,195
1,-17,-4,159
1,17,3,183
1,-17,4,163
1,-16,-7,149
1,-7,-16,147
1,-16,7,161
1,-4,-17,153
1,-7,16,177
1,4,-17,168
1,-4,17,190
1,7,-16,170
1,4,17,193
1,7,16,238
1,16,-7,243
1,16,7,240
1,17,-4,242
1,-15,-9,196
1,17,4,245
1,-15,9,208
1,-9,-15,194
1,9,-15,203
1,-9,15,240
1,-13,-12,132
1,15,-9,187
1,9,15,203
1,-12,-13,152
1,15,9,198
1,-13,12,174
1,-12,13,173
1,12,-13,180
1,13,-12,161
1,12,13,208
1,-17,-5,154
1,-17,5,160
1,-5,-17,163
1,13,12,206
1,5,-17,162
1,-5,17,200
1,5,17,205
1,-14,-11,144
1,17,-5,189
1,17,5,184
1,-14,11,164
1,-11,-14,155
1,-11,14,171
1,11,-14,183
1,14,-11,162
1,11,14,196
1,-16,-8,148
1,-16,8,179
1,-8,-16,166
1,14,11,198
1,8,-16,152
1,-8,16,162
1,16,-8,168
1,8,16,199
1,-18,0,157
1,0,-18,145
1,16,8,176
1,-18,-1,147
1,18,0,171
1,0,18,181
1,-18,1,148
1,-17,-6,149
1,-17,6,140
1,-15,-10,177
1,-6,-17,146
1,-10,-15,201
1,-1,-18,143
1,-10,15,195
1,-6,17,159
1,1,-18,139
1,-15,10,229
1,-1,18,152
1,1,18,136
1,6,-17,111
1,6,17,195
1,10,-15,203
1,17,-6,209
1,15,-10,231
1,17,6,215
1,-18,-2,170
1,18,-1,202
1,18,1,196
1,10,15,248
1,-18,2,99
1,15,10,273
1,-2,-18,84
1,-2,18,116
1,2,-18,109
1,2,18,159
1,18,-2,163
1,18,2,167
1,-18,-3,183
1,-18,3,219
1,-3,-18,214
1,3,-18,212
1,-16,-9,101
1,-3,18,281
1,3,18,222
1,18,-3,216
1,-16,9,133
1,-9,-16,110
1,18,3,213
1,-9,16,131
1,9,-16,129
1,16,-9,126
1,9,16,175
1,-17,-7,141
1,16,9,159
1,-17,7,165
1,-13,-13,172
1,-7,-17,137
1,-13,13,165
1,7,-17,155
1,-7,17,171
1,7,17,182
1,13,-13,175
1,-18,-4,150
1,17,-7,171
1,13,13,201
1,-18,4,155
1,-14,-12,148
1,17,7,178
1,-12,-14,119
1,-14,12,150
1,-4,-18,118
1,-12,14,147
1,4,-18,143
1,-4,18,170
1,12,-14,159
1,4,18,171
1,14,-12,167
1,12,14,199
1,18,-4,185
1,14,12,201
1,-15,-11,148
1,18,4,199
1,-15,11,169
1,-11,-15,154
1,11,-15,161
1,-11,15,191
1,15,-11,156
1,11,15,184
1,-18,-5,146
1,15,11,186
1,-18,5,160
1,-5,-18,158
1,5,-18,157
1,-5,18,176
1,-17,-8,148
1,18,-5,172
1,5,18,192
1,18,5,178
1,-17,8,161
1,-8,-17,136
1,8,-17,159
1,-8,17,177
1,8,17,183
1,17,-8,181
1,-16,-10,146
1,-10,-16,143
1,-16,10,163
1,17,8,182
1,-10,16,159
1,10,-16,164
1,16,-10,169
1,10,16,189
1,-18,-6,151
1,-6,-18,146
1,-18,6,163
1,16,10,195
1,-6,18,162
1,6,-18,164
1,6,18,184
1,18,-6,178
1,-19,0,148
1,18,6,186
1,0,-19,154
1,-19,-1,151
1,0,19,180
1,19,0,213
1,-1,-19,188
1,-19,1,217
1,1,-19,198
1,-1,19,214
1,1,19,228
1,19,-1,218
1,19,1,212
1,-19,-2,185
1,-19,2,183
1,-14,-13,140
1,-13,-14,143
1,-14,13,171
1,-2,-19,146
1,-13,14,168
1,2,-19,149
1,-2,19,177
1,2,19,170
1,13,-14,176
1,14,-13,179
1,13,14,198
1,14,13,183
1,19,-2,180
1,-15,-12,160
1,19,2,192
1,-12,-15,148
1,-15,12,161
1,12,-15,162
1,-12,15,187
1,12,15,190
1,15,-12,177
1,-19,-3,155
1,15,12,198
1,-19,3,160
1,-17,-9,147
1,-17,9,150
1,-9,-17,148
1,-3,-19,143
1,-9,17,165
1,3,-19,146
1,-3,19,176
1,9,-17,160
1,3,19,181
1,17,-9,171
1,9,17,186
1,17,9,194
1,19,-3,187
1,-18,-7,156
1,19,3,187
1,-18,7,155
1,-7,-18,138
1,7,-18,157
1,-7,18,180
1,7,18,172
1,18,-7,184
1,18,7,184
1,-16,-11,148
1,-11,-16,146
1,-16,11,162
1,-19,-4,240
1,-19,4,231
1,-11,16,154
1,4,-19,154
1,-4,-19,194
1,11,-16,124
1,-4,19,202
1,16,-11,191
1,11,16,202
1,4,19,243
1,16,11,188
1,-19,-5,165
1,19,-4,221
1,19,4,229
1,-19,5,176
1,-5,-19,179
1,-5,19,158
1,5,-19,132
1,19,-5,159
1,5,19,178
1,-18,-8,140
1,19,5,169
1,-8,-18,131
1,-18,8,161
1,-8,18,171
1,8,-18,166
1,18,-8,165
1,8,18,192
1,-17,-10,152
1,18,8,180
1,-10,-17,142
1,-17,10,169
1,10,-17,167
1,-10,17,189
1,17,-10,161
1,-14,-14,129
1,10,17,185
1,17,10,188
1,-14,14,177
1,14,-14,167
1,-15,-13,155
1,14,14,196
1,-15,13,152
1,-13,-15,145
1,-13,15,164
1,13,-15,180
1,15,-13,165
1,13,15,198
1,-19,-6,149
1,-19,6,173
1,15,13,195
1,-6,-19,156
1,6,-19,152
1,-6,19,171
1,6,19,199
1,19,-6,172
1,-20,0,146
1,-16,-12,136
1,19,6,168
1,-12,-16,124
1,-16,12,151
1,-12,16,144
1,0,-20,137
1,12,-16,129
1,16,-12,73
1,12,16,83
1,16,12,71
2,-1,0,124
2,0,0,146
2,0,-1,158
2,-1,-1,150
2,0,1,169
2,1,0,178
2,-1,1,175
2,-2,0,174
2,1,-1,182
2,1,1,216
2,0,-2,161
2,-2,-1,152
2,0,2,208
2,2,0,194
2,-2,1,181
2,-1,-2,177
2,1,-2,185
2,-1,2,208
2,1,2,223
2,2,-1,189
2,2,1,206
2,-2,-2,214
2,-3,0,173
2,0,-3,161
2,-2,2,243
2,0,3,190
2,-3,-1,162
2,3,0,179
2,2,-2,309
2,2,2,306
2,-3,1,172
2,-1,-3,176
2,-1,3,182
2,1,-3,177
2,-3,-2,189
2,1,3,211
2,3,-1,208
2,3,1,234
2,-2,-3,159
2,-3,2,182
2,-2,3,186
2,2,-3,190
2,3,-2,191
2,2,3,219
2,-4,0,174
2,0,-4,175
2,3,2,190
2,0,4,196
2,4,0,193
2,-4,-1,210
2,-4,1,262
2,-1,-4,235
2,-3,-3,118
2,-3,3,161
2,-1,4,279
2,1,-4,252
2,3,-3,148
2,1,4,249
2,4,-1,249
2,4,1,253
2,3,3,167
2,-4,-2,194
2,-4,2,206
2,-5,0,151
2,2,-4,230
2,-2,-4,245
2,-4,-3,142
2,2,4,239
2,-2,4,258
2,4,-2,239
2,-4,3,150
2,-3,-4,135
2,4,2,301
2,-3,4,140
2,0,-5,194
2,0,5,209
2,3,-4,209
2,4,-3,226
2,-5,-1,204
2,3,4,237
2,4,3,234
2,5,0,224
2,-5,1,194
2,-1,-5,188
2,1,-5,162
2,-1,5,196
2,-5,-2,175
2,1,5,213
2,5,-1,187
2,-2,-5,169
2,5,1,187
2,-5,2,183
2,-2,5,181
2,2,-5,170
2,5,-2,179
2,2,5,198
2,-4,-4,149
2,-5,-3,169
2,5,2,189
2,4,-4,182
2,-4,4,192
2,-5,3,179
2,4,4,212
2,-3,-5,153
2,-3,5,188
2,3,-5,185
2,3,5,194
2,-6,0,155
2,5,-3,192
2,0,-6,181
2,5,3,202
2,-6,-1,159
2,0,6,201
2,6,0,206
2,-6,1,157
2,-1,-6,153
2,-1,6,179
2,1,-6,180
2,-6,-2,171
2,6,-1,197
2,6,1,189
2,-6,2,170
2,1,6,207
2,-2,-6,155
2,2,-6,155
2,-2,6,184
2,2,6,192
2,6,-2,188
2,-5,-4,149
2,-5,4,172
2,-4,-5,168
2,6,2,203
2,-4,5,181
2,4,-5,185
2,5,-4,185
2,4,5,210
2,-6,-3,166
2,-6,3,168
2,-3,-6,153
2,5,4,191
2,3,-6,166
2,-3,6,182
2,3,6,204
2,6,-3,198
2,-7,0,191
2,0,-7,184
2,6,3,246
2,-7,-1,199
2,-7,1,184
2,-5,-5,185
2,0,7,232
2,7,0,229
2,-1,-7,198
2,-5,5,214
2,1,-7,169
2,-1,7,188
2,1,7,189
2,5,-5,185
2,-6,-4,161
2,7,-1,196
2,7,1,199
2,5,5,209
2,-4,-6,154
2,-6,4,175
2,-4,6,181
2,4,-6,175
2,6,-4,185
2,6,4,195
2,-7,-2,173
2,-2,-7,152
2,4,6,206
2,-7,2,182
2,2,-7,160
2,-2,7,182
2,7,-2,174
2,2,7,183
2,-7,-3,163
2,7,2,185
2,-3,-7,172
2,-7,3,185
2,3,-7,174
2,-3,7,185
2,7,-3,185
2,3,7,195
2,-6,-5,145
2,7,3,193
2,-5,-6,146
2,-6,5,183
2,-5,6,177
2,5,-6,181
2,5,6,195
2,6,-5,191
2,-8,0,166
2,6,5,196
2,0,-8,180
2,8,0,182
2,0,8,206
2,-7,-4,159
2,-7,4,156
2,-4,-7,156
2,-8,-1,214
2,-4,7,165
2,-8,1,216
2,-1,-8,176
2,-1,8,232
2,4,-7,191
2,1,-8,222
2,1,8,248
2,4,7,219
2,7,-4,208
2,-8,-2,171
2,7,4,224
2,8,1,249
2,-8,2,149
2,8,-1,273
2,-2,-8,145
2,-2,8,167
2,2,-8,163
2,-6,-6,141
2,8,-2,176
2,2,8,184
2,8,2,197
2,6,-6,168
2,-6,6,191
2,-8,-3,153
2,6,6,211
2,-8,3,159
2,-3,-8,152
2,-3,8,190
2,3,-8,189
2,3,8,199
2,-7,-5,160
2,8,-3,195
2,8,3,197
2,-7,5,165
2,-5,-7,149
2,5,-7,170
2,-5,7,181
2,7,-5,226
2,-8,-4,190
2,5,7,237
2,-4,-8,187
2,7,5,233
2,-8,4,204
2,4,-8,213
2,-4,8,221
2,4,8,224
2,8,-4,220
2,-9,0,165
2,0,-9,177
2,8,4,188
2,-9,-1,172
2,9,0,180
2,0,9,192
2,-1,-9,168
2,-9,1,176
2,1,-9,163
2,-1,9,172
2,1,9,191
2,-7,-6,154
2,-9,-2,169
2,-9,2,165
2,9,-1,188
2,9,1,188
2,-6,-7,148
2,-7,6,166
2,-2,-9,149
2,-6,7,189
2,2,-9,159
2,-2,9,177
2,2,9,169
2,6,-7,191
2,7,-6,199
2,6,7,211
2,9,-2,193
2,7,6,212
2,9,2,182
2,-8,-5,215
2,-9,-3,131
2,-9,3,138
2,-5,-8,214
2,-3,-9,131
2,-8,5,290
2,5,-8,248
2,-5,8,270
2,8,5,271
2,8,-5,278
2,5,8,294
2,-3,9,122
2,3,-9,128
2,3,9,172
2,9,-3,142
2,-9,-4,153
2,-9,4,193
2,9,3,219
2,-4,-9,175
2,-4,9,216
2,4,-9,211
2,9,-4,219
2,4,9,239
2,9,4,234
2,-7,-7,243
2,-10,0,163
2,-8,-6,132
2,-7,7,253
2,-8,6,155
2,-6,-8,136
2,7,7,218
2,7,-7,249
2,-6,8,161
2,0,-10,154
2,0,10,162
2,6,-8,162
2,6,8,201
2,8,-6,179
2,-10,-1,173
2,10,0,185
2,-10,1,158
2,8,6,192
2,-1,-10,161
2,-1,10,187
2,1,-10,185
2,1,10,222
2,-10,-2,189
2,10,-1,222
2,-10,2,209
2,-2,-10,205
2,10,1,226
2,2,-10,195
2,-2,10,224
2,2,10,214
2,10,-2,188
2,-9,-5,158
2,10,2,194
2,-5,-9,149
2,-9,5,160
2,5,-9,163
2,-5,9,186
2,9,-5,184
2,5,9,199
2,-10,-3,169
2,9,5,199
2,-10,3,162
2,-3,-10,164
2,3,-10,165
2,-3,10,182
2,-8,-7,146
2,10,-3,172
2,3,10,184
2,10,3,194
2,-7,-8,157
2,-8,7,186
2,-7,8,187
2,7,-8,173
2,8,-7,171
2,7,8,196
2,8,7,212
2,-10,-4,234
2,-10,4,216
2,-4,-10,235
2,4,-10,187
2,-9,-6,123
2,10,-4,222
2,-4,10,264
2,4,10,251
2,-9,6,175
2,-6,-9,151
2,-6,9,181
2,10,4,272
2,6,-9,186
2,9,-6,213
2,6,9,221
2,-11,0,158
2,0,-11,155
2,9,6,207
2,0,11,190
2,11,0,188
2,-11,-1,157
2,-11,1,160
2,-1,-11,162
2,1,-11,152
2,-1,11,182
2,1,11,186
2,11,-1,189
2,-10,-5,144
2,-11,-2,160
2,11,1,180
2,-11,2,215
2,-10,5,212
2,-5,-10,183
2,-5,10,215
2,-2,-11,196
2,2,-11,207
2,-2,11,229
2,5,-10,199
2,2,11,214
2,10,-5,168
2,5,10,212
2,10,5,198
2,11,-2,189
2,-8,-8,144
2,11,2,192
2,-11,-3,145
2,-8,8,172
2,8,-8,175
2,8,8,199
2,-11,3,167
2,-9,-7,161
2,-7,-9,148
2,-9,7,158
2,-3,-11,142
2,-7,9,186
2,3,-11,175
2,-3,11,198
2,3,11,194
2,7,-9,166
2,9,-7,171
2,7,9,198
2,9,7,200
2,11,-3,197
2,-10,-6,150
2,11,3,196
2,-10,6,164
2,-6,-10,151
2,6,-10,182
2,-6,10,193
2,6,10,168
2,10,-6,172
2,-11,-4,161
2,-11,4,154
2,10,6,203
2,-4,-11,154
2,4,-11,170
2,-4,11,187
2,-12,0,166
2,11,-4,187
2,4,11,199
2,11,4,195
2,0,-12,163
2,0,12,175
2,-12,-1,164
2,12,0,177
2,-12,1,144
2,-9,-8,143
2,-8,-9,139
2,-9,8,165
2,-8,9,158
2,-1,-12,171
2,1,-12,173
2,-1,12,196
2,1,12,175
2,8,-9,170
2,9,-8,182
2,8,9,195
2,-11,-5,152
2,9,8,199
2,12,1,193
2,12,-1,205
2,-11,5,164
2,-5,-11,156
2,5,-11,167
2,-5,11,183
2,11,-5,200
2,5,11,235
2,-12,-2,177
2,11,5,211
2,-2,-12,198
2,-12,2,207
2,2,-12,197
2,-2,12,219
2,2,12,217
2,12,-2,217
2,-10,-7,143
2,12,2,175
2,-10,7,155
2,-7,-10,159
2,-7,10,170
2,7,-10,172
2,10,-7,179
2,-12,-3,151
2,7,10,205
2,10,7,197
2,-12,3,159
2,-3,-12,154
2,-3,12,192
2,3,-12,174
2,12,-3,184
2,3,12,194
2,-11,-6,151
2,12,3,180
2,-6,-11,144
2,-11,6,167
2,6,-11,159
2,-6,11,182
2,6,11,198
2,11,-6,184
2,-12,-4,152
2,11,6,189
2,-4,-12,166
2,-12,4,183
2,4,-12,163
2,-4,12,172
2,4,12,197
2,12,-4,196
2,12,4,186
2,-10,-8,139
2,-9,-9,202
2,-8,-10,149
2,-10,8,166
2,-9,9,227
2,9,-9,216
2,8,-10,150
2,-8,10,161
2,9,9,282
2,8,10,200
2,10,-8,197
2,-13,0,179
2,-12,-5,167
2,10,8,226
2,-12,5,194
2,-5,-12,177
2,0,-13,187
2,-5,12,213
2,0,13,188
2,5,-12,166
2,5,12,185
2,12,-5,188
2,-13,-1,152
2,12,5,186
2,-13,1,159
2,13,0,188
2,-11,-7,147
2,-11,7,150
2,-7,-11,157
2,-7,11,178
2,-1,-13,154
2,1,-13,162
2,-1,13,189
2,1,13,173
2,7,-11,171
2,11,-7,174
2,7,11,205
2,11,7,208
2,13,-1,186
2,-13,-2,173
2,-13,2,159
2,13,1,196
2,-2,-13,158
2,2,-13,173
2,-2,13,188
2,2,13,192
2,13,-2,175
2,13,2,187
2,-13,-3,164
2,-13,3,151
2,-3,-13,151
2,3,-13,169
2,-3,13,184
2,13,-3,171
2,3,13,188
2,-12,-6,169
2,13,3,197
2,-12,6,160
2,-6,-12,160
2,-6,12,186
2,6,-12,178
2,12,-6,167
2,-10,-9,143
2,6,12,202
2,-9,-10,140
2,12,6,190
2,-10,9,167
2,-9,10,175
2,9,-10,183
2,10,-9,175
2,9,10,209
2,-13,-4,157
2,-13,4,161
2,10,9,197
2,-11,-8,143
2,-8,-11,143
2,-11,8,173
2,-8,11,155
2,-4,-13,152
2,4,-13,158
2,-4,13,181
2,4,13,192
2,8,-11,186
2,11,-8,185
2,-12,-7,146
2,8,11,208
2,11,8,186
2,13,-4,178
2,13,4,192
2,-7,-12,178
2,-12,7,213
2,7,-12,193
2,-7,12,213
2,-13,-5,190
2,7,12,227
2,12,-7,219
2,-5,-13,173
2,-13,5,212
2,12,7,229
2,-5,13,179
2,5,-13,150
2,13,-5,175
2,5,13,201
2,-14,0,157
2,0,-14,160
2,13,5,177
2,-14,-1,151
2,0,14,177
2,14,0,195
2,-14,1,151
2,-1,-14,155
2,1,-14,146
2,-1,14,168
2,-14,-2,162
2,1,14,192
2,-14,2,164
2,14,-1,196
2,14,1,190
2,-10,-10,154
2,-2,-14,167
2,-10,10,177
2,2,-14,161
2,-2,14,175
2,2,14,171
2,10,-10,163
2,-11,-9,165
2,10,10,187
2,14,-2,190
2,14,2,186
2,-9,-11,152
2,-11,9,162
2,9,-11,161
2,-9,11,175
2,11,-9,174
2,-14,-3,158
2,9,11,200
2,-13,-6,155
2,-14,3,164
2,11,9,187
2,-6,-13,155
2,-13,6,177
2,-3,-14,145
2,-6,13,185
2,3,-14,155
2,-3,14,172
2,6,-13,173
2,3,14,191
2,6,13,183
2,13,-6,186
2,13,6,191
2,14,-3,186
2,-12,-8,160
2,14,3,190
2,-8,-12,139
2,-12,8,179
2,-8,12,173
2,8,-12,172
2,-14,-4,157
2,12,-8,191
2,8,12,204
2,12,8,194
2,-14,4,160
2,-4,-14,149
2,-4,14,185
2,4,-14,157
2,4,14,229
2,14,-4,217
2,-13,-7,189
2,-7,-13,184
2,14,4,214
2,-13,7,200
2,7,-13,197
2,-7,13,213
2,13,-7,221
2,7,13,230
2,-14,-5,143
2,-11,-10,138
2,13,7,185
2,-14,5,171
2,-10,-11,151
2,-11,10,174
2,-5,-14,152
2,-10,11,171
2,-5,14,163
2,5,-14,162
2,10,-11,172
2,5,14,189
2,11,-10,177
2,10,11,186
2,14,-5,191
2,11,10,204
2,14,5,185
2,-15,0,164
2,-12,-9,133
2,-12,9,173
2,-9,-12,145
2,-9,12,170
2,0,-15,163
2,9,-12,168
2,0,15,199
2,9,12,185
2,12,-9,192
2,12,9,193
2,15,0,198
2,-15,-1,160
2,-15,1,154
2,-1,-15,161
2,-1,15,173
2,1,-15,157
2,1,15,179
2,-15,-2,162
2,15,-1,182
2,-15,2,160
2,15,1,179
2,-2,-15,155
2,-2,15,188
2,2,-15,153
2,2,15,182
2,15,-2,188
2,15,2,169
2,-14,-6,154
2,-6,-14,147
2,-14,6,167
2,6,-14,160
2,-6,14,188
2,6,14,172
2,14,-6,189
2,-13,-8,152
2,14,6,183
2,-13,8,178
2,-8,-13,176
2,8,-13,172
2,-8,13,187
2,8,13,185
2,13,-8,198
2,-15,-3,163
2,13,8,213
2,-15,3,189
2,-3,-15,183
2,3,-15,169
2,-3,15,184
2,3,15,211
2,15,-3,205
2,-15,-4,166
2,15,3,196
2,-15,4,164
2,-4,-15,158
2,4,-15,198
2,-4,15,208
2,4,15,234
2,15,-4,225
2,-11,-11,181
2,-11,11,201
2,15,4,214
2,-12,-10,177
2,11,-11,204
2,11,11,236
2,-10,-12,144
2,-12,10,153
2,10,-12,160
2,-10,12,174
2,10,12,194
2,12,-10,172
2,-14,-7,172
2,-14,7,163
2,12,10,190
2,-7,-14,150
2,7,-14,159
2,-7,14,187
2,14,-7,170
2,7,14,187
2,-15,-5,144
2,-13,-9,149
2,-15,5,160
2,-13,9,154
2,-9,-13,148
2,14,7,183
2,-9,13,159
2,-5,-15,154
2,5,-15,161
2,-5,15,174
2,5,15,184
2,9,-13,174
2,9,13,195
2,13,-9,193
2,15,-5,181
2,13,9,189
2,15,5,182
2,-16,0,166
2,0,-16,153
2,-16,-1,159
2,0,16,194
2,-16,1,145
2,16,0,181
2,-1,-16,151
2,1,-16,164
2,-1,16,184
2,1,16,175
2,16,-1,179
2,16,1,172
2,-16,-2,150
2,-16,2,157
2,-14,-8,154
2,-8,-14,161
2,-14,8,178
2,-2,-16,158
2,-8,14,177
2,2,-16,177
2,-2,16,189
2,8,-14,159
2,2,16,189
2,14,-8,177
2,8,14,203
2,14,8,182
2,16,-2,183
2,-15,-6,156
2,16,2,187
2,-15,6,154
2,-6,-15,153
2,6,-15,164
2,-6,15,196
2,-16,-3,150
2,15,-6,181
2,6,15,201
2,-16,3,160
2,-12,-11,148
2,15,6,191
2,-11,-12,143
2,-12,11,154
2,-3,-16,166
2,-11,12,191
2,3,-16,158
2,-3,16,197
2,3,16,203
2,11,-12,201
2,12,-11,201
2,16,-3,216
2,11,12,236
2,12,11,232
2,-13,-10,135
2,16,3,187
2,-13,10,160
2,-10,-13,142
2,-10,13,176
2,10,-13,175
2,-16,-4,155
2,10,13,190
2,13,-10,175
2,-16,4,152
2,13,10,192
2,-4,-16,137
2,4,-16,156
2,-4,16,167
2,4,16,174
2,16,-4,172
2,-15,-7,149
2,-15,7,153
2,-7,-15,147
2,16,4,199
2,-7,15,167
2,7,-15,165
2,7,15,192
2,15,-7,173
2,-14,-9,162
2,-9,-14,140
2,-14,9,160
2,15,7,196
2,-9,14,163
2,9,-14,179
2,9,14,190
2,14,-9,187
2,-16,-5,144
2,14,9,198
2,-16,5,159
2,-5,-16,157
2,-5,16,167
2,5,-16,163
2,5,16,192
2,-12,-12,146
2,16,-5,180
2,16,5,187
2,-12,12,181
2,12,-12,171
2,-17,0,154
2,-15,-8,146
2,12,12,201
2,-15,8,172
2,-8,-15,152
2,-8,15,173
2,0,-17,161
2,8,-15,162
2,0,17,184
2,8,15,187
2,15,-8,186
2,-17,-1,159
2,15,8,203
2,17,0,179
2,-17,1,157
2,-13,-11,142
2,-13,11,164
2,-11,-13,148
2,-11,13,190
2,-1,-17,159
2,1,-17,151
2,-1,17,191
2,1,17,191
2,11,-13,185
2,13,-11,170
2,11,13,202
2,17,-1,196
2,13,11,226
2,-16,-6,194
2,17,1,227
2,-16,6,208
2,-6,-16,181
2,-6,16,221
2,6,-16,220
2,16,-6,214
2,6,16,229
2,-17,-2,170
2,-17,2,149
2,16,6,223
2,-2,-17,157
2,2,-17,150
2,-2,17,189
2,-14,-10,152
2,2,17,190
2,17,-2,190
2,17,2,187
2,-14,10,166
2,-10,-14,152
2,-10,14,183
2,10,-14,174
2,14,-10,161
2,10,14,195
2,-17,-3,142
2,-3,-17,149
2,-17,3,160
2,14,10,187
2,3,-17,161
2,-3,17,188
2,3,17,183
2,17,-3,179
2,-17,-4,151
2,17,3,191
2,-17,4,162
2,-16,-7,151
2,-7,-16,149
2,-16,7,171
2,-4,-17,142
2,-7,16,185
2,4,-17,172
2,-4,17,189
2,7,-16,155
2,4,17,180
2,7,16,178
2,16,-7,169
2,-15,-9,138
2,17,-4,168
2,16,7,194
2,17,4,187
2,-15,9,160
2,-9,-15,151
2,9,-15,154
2,-9,15,173
2,-13,-12,145
2,9,15,182
2,15,-9,175
2,-12,-13,142
2,15,9,179
2,-13,12,182
2,-12,13,161
2,12,-13,160
2,13,-12,177
2,12,13,202
2,-17,-5,143
2,-17,5,154
2,-5,-17,146
2,13,12,195
2,-5,17,166
2,5,-17,162
2,17,-5,178
2,5,17,194
2,-14,-11,148
2,17,5,183
2,-14,11,162
2,-11,-14,147
2,-11,14,163
2,11,-14,153
2,14,-11,160
2,11,14,184
2,-16,-8,140
2,14,11,177
2,-16,8,160
2,-8,-16,157
2,-8,16,205
2,8,-16,203
2,8,16,217
2,16,-8,212
2,-18,0,196
2,16,8,227
2,0,-18,185
2,-18,-1,158
2,0,18,234
2,-18,1,151
2,-17,-6,145
2,18,0,225
2,-15,-10,147
2,-17,6,160
2,-10,-15,143
2,-15,10,159
2,-10,15,153
2,-6,-17,129
2,-6,17,156
2,-1,-18,155
2,1,-18,158
2,-1,18,184
2,6,-17,158
2,1,18,194
2,6,17,180
2,10,-15,169
2,15,-10,171
2,10,15,212
2,15,10,195
2,17,-6,189
2,17,6,200
2,-18,-2,148
2,18,-1,183
2,18,1,179
2,-18,2,149
2,-2,-18,149
2,2,-18,144
2,-2,18,166
2,2,18,166
2,18,-2,160
2,-18,-3,154
2,18,2,165
2,-18,3,158
2,-3,-18,170
2,-3,18,171
2,3,-18,165
2,3,18,165
2,18,-3,191
2,-16,-9,144
2,-9,-16,147
2,18,3,174
2,-16,9,173
2,-9,16,172
2,9,-16,165
2,16,-9,176
2,9,16,186
2,16,9,186
2,-17,-7,146
2,-17,7,161
2,-13,-13,153
2,-7,-17,147
2,-13,13,165
2,7,-17,150
2,-7,17,168
2,13,-13,176
2,7,17,197
2,17,-7,168
2,13,13,192
2,-18,-4,137
2,-18,4,151
2,-14,-12,141
2,17,7,192
2,-12,-14,137
2,-14,12,172
2,-4,-18,148
2,-12,14,171
2,-4,18,177
2,4,-18,173
2,12,-14,160
2,4,18,182
2,14,-12,172
2,12,14,188
2,14,12,199
2,18,-4,185
2,-15,-11,148
2,18,4,231
2,-11,-15,183
2,-15,11,203
2,-11,15,192
2,11,-15,194
2,15,-11,199
2,11,15,233
2,-18,-5,193
2,15,11,215
2,-18,5,190
2,-5,-18,145
2,5,-18,161
2,-5,18,177
2,5,18,194
2,18,-5,187
2,-17,-8,147
2,18,5,177
2,-8,-17,154
2,-17,8,164
2,-8,17,187
2,8,-17,167
2,8,17,171
2,17,-8,169
2,-16,-10,143
2,-10,-16,143
2,17,8,186
2,-16,10,170
2,10,-16,158
2,-10,16,177
2,16,-10,165
2,10,16,176
2,-18,-6,131
2,-18,6,170
2,16,10,197
2,-6,-18,152
2,6,-18,171
2,-6,18,182
2,6,18,176
2,18,-6,174
2,-19,0,146
2,0,-19,148
2,18,6,195
2,-19,-1,157
2,19,0,190
2,0,19,201
2,-19,1,158
2,-1,-19,158
2,1,-19,151
2,-1,19,169
2,1,19,175
2,19,-1,170
2,19,1,169
2,-19,-2,143
2,-19,2,148
2,-13,-14,180
2,-2,-19,151
2,-2,19,150
2,2,-19,133
2,-14,-13,234
2,2,19,138
2,-14,13,260
2,-13,14,234
2,13,14,220
2,13,-14,256
2,14,-13,184
2,19,-2,145
2,19,2,144
2,-15,-12,136
2,-15,12,155
2,14,13,213
2,-12,-15,140
2,-12,15,143
2,12,-15,114
2,15,-12,132
2,12,15,154
2,-19,-3,125
2,15,12,169
2,-19,3,141
2,-17,-9,142
2,-9,-17,147
2,-17,9,159
2,-3,-19,143
2,-9,17,182
2,3,-19,158
2,-3,19,188
2,9,-17,160
2,3,19,173
2,17,-9,167
2,9,17,184
2,19,-3,184
2,17,9,201
2,-18,-7,157
2,19,3,174
2,-18,7,154
2,-7,-18,146
2,7,-18,156
2,-7,18,172
2,7,18,191
2,18,-7,186
2,-19,-4,150
2,-19,4,151
2,-16,-11,143
2,18,7,179
2,-16,11,138
2,-11,-16,144
2,-4,-19,155
2,-11,16,174
2,4,-19,154
2,-4,19,166
2,11,-16,168
2,4,19,181
2,16,-11,169
2,11,16,183
2,19,-4,174
2,16,11,184
2,-19,-5,136
2,19,4,188
2,-19,5,159
2,-5,-19,156
2,5,-19,151
2,-5,19,176
2,5,19,186
2,-18,-8,136
2,19,-5,184
2,19,5,181
2,-18,8,168
2,-8,-18,135
2,8,-18,155
2,-8,18,173
2,18,-8,163
2,8,18,195
2,-17,-10,153
2,18,8,172
2,-17,10,157
2,-10,-17,140
2,10,-17,154
2,-10,17,176
2,17,-10,166
2,10,17,185
2,-14,-14,144
2,17,10,175
2,-14,14,170
2,14,-14,160
2,14,14,188
2,-15,-13,192
2,-13,-15,218
2,-15,13,247
2,-19,-6,159
2,-13,15,242
2,-19,6,153
2,-6,-19,143
2,13,-15,256
2,13,15,245
2,-6,19,107
2,6,-19,93
2,15,-13,262
2,15,13,269
2,6,19,100
2,19,-6,115
2,-20,0,119
2,19,6,132
2,-16,-12,121
2,-16,12,139
2,-12,-16,157
2,-12,16,174
2,0,-20,169
2,12,-16,160
2,16,-12,137
2,12,16,160
2,16,12,115
3,-1,0,115
3,0,-1,137
3,0,0,145
3,-1,-1,141
3,0,1,150
3,1,0,161
3,-1,1,168
3,-2,0,161
3,1,-1,172
3,1,1,186
3,0,-2,170
3,-2,-1,154
3,-1,-2,157
3,-2,1,172
3,2,0,189
3,0,2,196
3,-1,2,190
3,1,-2,195
3,2,-1,176
3,1,2,189
3,-2,-2,182
3,2,1,216
3,-2,2,227
3,2,-2,224
3,-3,0,219
3,0,-3,190
3,2,2,235
3,-3,-1,187
3,3,0,228
3,0,3,238
3,-3,1,169
3,-1,-3,163
3,1,-3,173
3,-3,-2,163
3,-1,3,190
3,3,-1,185
3,1,3,215
3,3,1,208
3,-2,-3,167
3,-3,2,189
3,-2,3,180
3,2,-3,178
3,-4,0,180
3,3,-2,197
3,2,3,210
3,0,-4,170
3,3,2,230
3,-4,-1,176
3,0,4,206
3,4,0,205
3,-1,-4,171
3,-4,1,190
3,1,-4,178
3,-1,4,191
3,4,-1,181
3,-3,-3,147
3,1,4,210
3,4,1,190
3,-3,3,183
3,3,-3,183
3,-4,-2,168
3,3,3,210
3,-2,-4,171
3,-4,2,186
3,2,-4,168
3,-2,4,196
3,-5,0,182
3,4,-2,196
3,-4,-3,158
3,2,4,213
3,4,2,208
3,-4,3,182
3,-3,-4,161
3,-3,4,182
3,0,-5,174
3,0,5,195
3,3,-4,183
3,4,-3,183
3,3,4,214
3,4,3,216
3,5,0,202
3,-5,-1,164
3,-5,1,175
3,-1,-5,164
3,-1,5,227
3,1,-5,200
3,1,5,229
3,5,-1,227
3,-5,-2,195
3,-2,-5,207
3,-5,2,214
3,5,1,231
3,-2,5,200
3,2,-5,205
3,5,-2,185
3,2,5,211
3,-4,-4,161
3,5,2,190
3,-4,4,182
3,-5,-3,152
3,4,-4,178
3,-5,3,173
3,-3,-5,155
3,4,4,211
3,-3,5,181
3,3,-5,173
3,3,5,194
3,-6,0,164
3,0,-6,179
3,5,-3,194
3,5,3,190
3,-6,-1,172
3,0,6,194
3,6,0,208
3,-6,1,156
3,-1,-6,150
3,1,-6,164
3,-1,6,205
3,6,-1,179
3,1,6,186
3,-6,-2,165
3,6,1,192
3,-6,2,158
3,-2,-6,156
3,2,-6,165
3,-2,6,186
3,-5,-4,159
3,2,6,201
3,-4,-5,159
3,6,-2,186
3,6,2,194
3,-5,4,189
3,-4,5,184
3,4,-5,177
3,5,-4,163
3,4,5,201
3,-6,-3,154
3,-3,-6,150
3,-6,3,184
3,5,4,196
3,-3,6,182
3,3,-6,187
3,6,-3,184
3,3,6,211
3,-7,0,159
3,6,3,223
3,0,-7,168
3,-7,-1,155
3,-7,1,152
3,0,7,208
3,-5,-5,158
3,7,0,203
3,-1,-7,155
3,-5,5,181
3,-1,7,204
3,1,-7,203
3,1,7,222
3,5,-5,207
3,-4,-6,185
3,-6,-4,201
3,5,5,233
3,7,-1,229
3,7,1,225
3,-6,4,203
3,-4,6,185
3,4,-6,169
3,6,-4,180
3,-7,-2,152
3,4,6,204
3,-2,-7,170
3,6,4,186
3,-7,2,178
3,2,-7,174
3,-2,7,181
3,7,-2,187
3,-7,-3,155
3,2,7,211
3,7,2,183
3,-7,3,155
3,-3,-7,152
3,-3,7,168
3,3,-7,174
3,7,-3,174
3,3,7,205
3,-6,-5,144
3,-6,5,174
3,7,3,191
3,-5,-6,166
3,5,-6,167
3,-5,6,185
3,5,6,196
3,6,-5,191
3,-8,0,170
3,6,5,204
3,0,-8,172
3,-8,-1,153
3,-7,-4,161
3,0,8,198
3,-8,1,170
3,8,0,202
3,-7,4,165
3,-4,-7,172
3,-1,-8,158
3,-4,7,186
3,-1,8,192
3,1,-8,168
3,4,-7,177
3,1,8,197
3,7,-4,184
3,4,7,201
3,8,-1,186
3,8,1,184
3,7,4,199
3,-8,-2,169
3,-8,2,167
3,-2,-8,166
3,-2,8,188
3,2,-8,176
3,-6,-6,153
3,8,-2,186
3,2,8,199
3,-6,6,193
3,6,-6,202
3,8,2,230
3,-8,-3,190
3,6,6,240
3,-3,-8,191
3,-8,3,198
3,3,-8,211
3,-3,8,227
3,3,8,222
3,-7,-5,161
3,8,-3,189
3,8,3,194
3,-7,5,173
3,-5,-7,148
3,5,-7,181
3,-5,7,188
3,7,-5,188
3,5,7,207
3,7,5,203
3,-8,-4,207
3,-4,-8,183
3,-8,4,197
3,-4,8,202
3,4,-8,233
3,-9,0,145
3,0,-9,141
3,8,-4,219
3,4,8,230
3,-9,-1,173
3,8,4,222
3,0,9,199
3,9,0,202
3,-9,1,165
3,-1,-9,168
3,1,-9,184
3,-1,9,211
3,-9,-2,159
3,9,-1,173
3,-7,-6,150
3,1,9,232
3,-9,2,172
3,9,1,188
3,-7,6,175
3,-6,-7,142
3,-2,-9,138
3,-6,7,178
3,2,-9,153
3,-2,9,177
3,6,-7,184
3,2,9,195
3,7,-6,188
3,7,6,196
3,6,7,208
3,9,-2,188
3,-8,-5,152
3,9,2,199
3,-5,-8,163
3,-8,5,178
3,5,-8,163
3,-9,-3,165
3,-5,8,200
3,5,8,198
3,8,-5,185
3,8,5,205
3,-9,3,170
3,-3,-9,150
3,3,-9,159
3,-3,9,196
3,-9,-4,148
3,3,9,198
3,-9,4,175
3,9,-3,196
3,9,3,196
3,-4,-9,164
3,4,-9,165
3,-4,9,188
3,4,9,195
3,9,-4,183
3,-7,-7,153
3,9,4,191
3,-10,0,154
3,-7,7,173
3,7,-7,169
3,-8,-6,147
3,7,7,202
3,-8,6,166
3,-6,-8,148
3,-6,8,188
3,0,-10,175
3,6,-8,173
3,8,-6,163
3,0,10,198
3,6,8,205
3,8,6,189
3,-10,-1,172
3,10,0,198
3,-10,1,155
3,-1,-10,150
3,1,-10,208
3,-1,10,235
3,1,10,225
3,10,-1,221
3,-10,-2,189
3,-10,2,194
3,10,1,223
3,-2,-10,199
3,-2,10,229
3,2,-10,190
3,2,10,188
3,-9,-5,167
3,10,-2,195
3,-9,5,176
3,10,2,191
3,-5,-9,158
3,5,-9,155
3,-5,9,190
3,5,9,189
3,9,-5,182
3,-10,-3,157
3,-10,3,158
3,-3,-10,151
3,9,5,192
3,3,-10,172
3,-3,10,181
3,3,10,198
3,10,-3,173
3,-8,-7,164
3,10,3,193
3,-7,-8,154
3,-8,7,183
3,-7,8,179
3,7,-8,176
3,8,-7,185
3,-10,-4,153
3,7,8,201
3,8,7,216
3,-10,4,186
3,-4,-10,162
3,-4,10,185
3,4,-10,171
3,10,-4,173
3,-9,-6,157
3,4,10,215
3,-9,6,173
3,10,4,192
3,-6,-9,137
3,6,-9,163
3,-6,9,185
3,9,-6,189
3,6,9,210
3,-11,0,169
3,0,-11,160
3,-11,-1,148
3,9,6,198
3,0,11,189
3,11,0,194
3,-11,1,170
3,-1,-11,156
3,1,-11,157
3,-1,11,177
3,-11,-2,162
3,11,1,183
3,1,11,197
3,11,-1,190
3,-10,-5,148
3,-11,2,163
3,-5,-10,140
3,-10,5,167
3,-5,10,169
3,-2,-11,150
3,2,-11,150
3,-2,11,182
3,5,-10,202
3,2,11,220
3,10,-5,227
3,5,10,234
3,10,5,220
3,11,-2,215
3,-8,-8,185
3,11,2,224
3,-8,8,191
3,8,-8,177
3,-11,-3,154
3,8,8,197
3,-11,3,173
3,-9,-7,216
3,-7,-9,197
3,-9,7,234
3,-3,-11,142
3,3,-11,142
3,-3,11,153
3,-7,9,218
3,3,11,175
3,7,-9,200
3,7,9,280
3,11,-3,211
3,-10,-6,192
3,9,-7,227
3,-6,-10,168
3,11,3,222
3,-10,6,191
3,-6,10,161
3,6,-10,105
3,9,7,255
3,10,-6,122
3,6,10,140
3,-11,-4,138
3,10,6,152
3,-4,-11,145
3,-11,4,153
3,-4,11,175
3,4,-11,171
3,11,-4,184
3,4,11,191
3,-12,0,155
3,11,4,191
3,0,-12,171
3,-12,-1,160
3,-9,-8,149
3,0,12,195
3,12,0,190
3,-12,1,162
3,-8,-9,151
3,-9,8,188
3,-8,9,174
3,-1,-12,146
3,1,-12,157
3,-1,12,180
3,1,12,187
3,8,-9,182
3,9,-8,181
3,8,9,198
3,9,8,206
3,12,-1,194
3,-11,-5,146
3,12,1,171
3,-5,-11,147
3,-11,5,168
3,-5,11,182
3,5,-11,178
3,11,-5,183
3,5,11,202
3,-12,-2,155
3,11,5,193
3,-12,2,165
3,-2,-12,147
3,2,-12,153
3,-2,12,186
3,12,-2,173
3,-10,-7,153
3,2,12,201
3,-7,-10,174
3,-10,7,214
3,12,2,234
3,7,-10,201
3,-7,10,212
3,7,10,230
3,10,-7,208
3,-12,-3,183
3,-12,3,174
3,-3,-12,153
3,10,7,228
3,3,-12,158
3,-3,12,185
3,3,12,187
3,12,-3,186
3,-11,-6,147
3,12,3,199
3,-6,-11,144
3,-11,6,164
3,6,-11,163
3,-6,11,199
3,11,-6,176
3,6,11,205
3,-12,-4,172
3,-12,4,166
3,11,6,198
3,-4,-12,155
3,-4,12,186
3,4,-12,180
3,12,-4,192
3,4,12,222
3,-9,-9,169
3,12,4,196
3,-9,9,183
3,9,-9,171
3,-10,-8,163
3,9,9,208
3,-8,-10,149
3,-10,8,172
3,-8,10,178
3,8,-10,181
3,10,-8,189
3,8,10,211
3,-13,0,167
3,-12,-5,166
3,10,8,199
3,-5,-12,153
3,-12,5,187
3,-5,12,173
3,0,-13,177
3,5,-12,168
3,0,13,190
3,12,-5,185
3,5,12,193
3,-13,-1,173
3,12,5,194
3,-13,1,154
3,13,0,195
3,-11,-7,145
3,-11,7,155
3,-7,-11,153
3,-7,11,164
3,-1,-13,155
3,-1,13,162
3,1,-13,157
3,7,-11,176
3,1,13,190
3,11,-7,180
3,7,11,197
3,11,7,185
3,13,-1,191
3,-13,-2,155
3,13,1,187
3,-2,-13,155
3,-13,2,174
3,2,-13,154
3,-2,13,216
3,2,13,230
3,13,-2,220
3,13,2,213
3,-13,-3,184
3,-13,3,187
3,-3,-13,191
3,3,-13,192
3,-3,13,228
3,3,13,234
3,13,-3,168
3,-12,-6,157
3,13,3,194
3,-12,6,159
3,-6,-12,158
3,-6,12,175
3,6,-12,175
3,6,12,192
3,-10,-9,151
3,12,-6,195
3,-9,-10,141
3,12,6,198
3,-10,9,190
3,-9,10,176
3,9,-10,174
3,10,-9,169
3,9,10,185
3,-13,-4,148
3,10,9,197
3,-13,4,160
3,-11,-8,158
3,-8,-11,149
3,-11,8,177
3,-4,-13,156
3,-8,11,173
3,-4,13,181
3,4,-13,178
3,8,-11,170
3,4,13,193
3,11,-8,186
3,8,11,199
3,11,8,197
3,13,-4,180
3,-12,-7,155
3,13,4,183
3,-7,-12,145
3,-12,7,158
3,7,-12,161
3,-7,12,170
3,-13,-5,154
3,12,-7,187
3,7,12,201
3,-13,5,157
3,-5,-13,149
3,12,7,196
3,5,-13,164
3,-5,13,186
3,13,-5,181
3,5,13,199
3,0,-14,154
3,-14,0,162
3,-14,-1,166
3,13,5,198
3,0,14,188
3,14,0,196
3,-14,1,160
3,-1,-14,147
3,1,-14,149
3,-1,14,192
3,1,14,186
3,14,-1,184
3,-14,-2,155
3,-10,-10,149
3,-14,2,164
3,14,1,182
3,-2,-14,147
3,-10,10,180
3,2,-14,194
3,-2,14,228
3,2,14,213
3,10,-10,223
3,-11,-9,193
3,10,10,236
3,14,-2,235
3,14,2,229
3,-11,9,209
3,-9,-11,195
3,-9,11,157
3,9,-11,154
3,-14,-3,138
3,11,-9,165
3,9,11,174
3,-14,3,154
3,11,9,189
3,-13,-6,171
3,-13,6,166
3,-6,-13,162
3,-3,-14,157
3,-6,13,169
3,3,-14,161
3,-3,14,183
3,6,-13,155
3,3,14,176
3,6,13,172
3,13,-6,168
3,14,-3,192
3,13,6,200
3,-12,-8,143
3,14,3,194
3,-8,-12,147
3,-12,8,167
3,8,-12,177
3,-8,12,197
3,12,-8,186
3,8,12,194
3,-14,-4,156
3,-14,4,155
3,12,8,198
3,-4,-14,150
3,4,-14,150
3,-4,14,181
3,4,14,175
3,-13,-7,152
3,14,-4,192
3,-7,-13,166
3,14,4,189
3,-13,7,180
3,7,-13,164
3,-7,13,179
3,13,-7,167
3,7,13,193
3,-14,-5,163
3,-11,-10,146
3,-14,5,156
3,-10,-11,145
3,13,7,202
3,-11,10,165
3,-5,-14,153
3,-10,11,173
3,5,-14,169
3,-5,14,183
3,10,-11,190
3,11,-10,179
3,5,14,199
3,10,11,200
3,11,10,192
3,14,-5,190
3,-15,0,165
3,14,5,205
3,-12,-9,145
3,-12,9,158
3,-9,-12,145
3,-9,12,167
3,0,-15,163
3,9,-12,159
3,0,15,202
3,12,-9,220
3,9,12,242
3,12,9,221
3,-15,-1,192
3,15,0,240
3,-15,1,186
3,-1,-15,184
3,1,-15,198
3,-1,15,233
3,1,15,187
3,15,-1,175
3,-15,-2,156
3,-15,2,166
3,15,1,198
3,-2,-15,148
3,2,-15,170
3,-2,15,202
3,2,15,178
3,15,-2,185
3,-14,-6,165
3,15,2,192
3,-14,6,160
3,-6,-14,149
3,6,-14,154
3,-6,14,189
3,14,-6,161
3,6,14,177
3,-13,-8,155
3,14,6,194
3,-8,-13,150
3,-13,8,163
3,-8,13,187
3,8,-13,184
3,8,13,193
3,13,-8,164
3,-15,-3,160
3,-3,-15,145
3,13,8,209
3,-15,3,161
3,3,-15,181
3,-3,15,191
3,3,15,171
3,15,-3,176
3,-15,-4,155
3,15,3,190
3,-15,4,160
3,-4,-15,144
3,4,-15,165
3,-4,15,191
3,15,-4,170
3,-11,-11,145
3,4,15,196
3,15,4,191
3,-11,11,179
3,11,-11,175
3,-12,-10,144
3,11,11,202
3,-10,-12,142
3,-12,10,172
3,-10,12,188
3,10,-12,179
3,10,12,190
3,12,-10,173
3,12,10,198
3,-14,-7,228
3,-7,14,195
3,-14,7,248
3,-7,-14,218
3,-15,-5,91
3,7,-14,199
3,7,14,191
3,14,-7,183
3,-15,5,126
3,14,7,188
3,-13,-9,127
3,-13,9,149
3,-9,-13,147
3,-5,-15,162
3,-9,13,188
3,-5,15,161
3,5,-15,167
3,9,-13,167
3,5,15,192
3,13,-9,158
3,9,13,196
3,15,-5,183
3,13,9,203
3,-16,0,164
3,15,5,187
3,0,-16,155
3,0,16,191
3,-16,-1,162
3,-16,1,150
3,16,0,182
3,-1,-16,155
3,1,-16,142
3,-1,16,174
3,1,16,164
3,16,-1,188
3,16,1,183
3,-14,-8,148
3,-8,-14,149
3,-14,8,170
3,-16,2,190
3,-16,-2,237
3,-8,14,172
3,-2,-16,191
3,8,-14,141
3,-2,16,228
3,2,-16,205
3,2,16,200
3,8,14,195
3,14,-8,195
3,14,8,203
3,-15,-6,172
3,16,-2,249
3,-15,6,192
3,-6,-15,144
3,16,2,259
3,-6,15,143
3,6,-15,143
3,6,15,173
3,15,-6,169
3,15,6,169
3,-16,-3,138
3,-12,-11,146
3,-16,3,157
3,-11,-12,145
3,-12,11,164
3,-3,-16,166
3,-11,12,176
3,3,-16,156
3,-3,16,178
3,3,16,190
3,11,-12,174
3,12,-11,161
3,-13,-10,145
3,11,12,201
3,12,11,203
3,16,-3,192
3,16,3,182
3,-10,-13,143
3,-13,10,164
3,-10,13,166
3,10,-13,164
3,10,13,194
3,13,-10,168
3,-16,-4,156
3,-4,-16,144
3,13,10,175
3,-16,4,156
3,4,-16,154
3,-4,16,175
3,4,16,166
3,16,-4,178
3,16,4,185
3,-15,-7,211
3,-14,-9,93
3,7,-15,232
3,7,15,228
3,-7,-15,258
3,-15,7,268
3,15,-7,231
3,-14,9,94
3,-7,15,273
3,15,7,207
3,-9,-14,99
3,-9,14,147
3,9,-14,111
3,14,-9,137
3,9,14,165
3,-16,-5,153
3,14,9,174
3,-16,5,158
3,-5,-16,157
3,5,-16,154
3,-5,16,194
3,16,-5,168
3,5,16,185
3,-12,-12,139
3,16,5,193
3,-12,12,170
3,12,-12,167
3,-17,0,161
3,-15,-8,153
3,12,12,196
3,-15,8,157
3,-8,-15,147
3,0,-17,154
3,-8,15,184
3,8,-15,159
3,0,17,180
3,8,15,192
3,15,-8,180
3,-17,-1,160
3,15,8,186
3,17,0,174
3,-17,1,155
3,-13,-11,144
3,-13,11,161
3,-11,-13,164
3,-11,13,168
3,-1,-17,157
3,1,-17,153
3,-1,17,173
3,1,17,185
3,11,-13,188
3,13,-11,166
3,11,13,209
3,13,11,206
3,-16,-6,151
3,17,-1,188
3,-16,6,152
3,17,1,180
3,-6,-16,151
3,6,-16,157
3,-6,16,170
3,16,-6,162
3,6,16,186
3,-17,-2,154
3,16,6,182
3,-17,2,154
3,-2,-17,158
3,2,-17,170
3,-2,17,188
3,2,17,176
3,17,-2,169
3,-14,-10,130
3,17,2,199
3,-10,-14,184
3,-14,10,202
3,-10,14,221
3,10,-14,222
3,14,-10,199
3,10,14,226
3,-17,3,189
3,-17,-3,199
3,-3,-17,151
3,14,10,229
3,3,-17,169
3,-3,17,188
3,17,-3,165
3,3,17,182
3,-17,-4,154
3,17,3,188
3,-17,4,168
3,-16,-7,152
3,-16,7,157
3,-7,-16,152
3,-4,-17,154
3,-7,16,167
3,-4,17,160
3,4,-17,173
3,4,17,184
3,7,-16,164
3,16,-7,169
3,7,16,189
3,16,7,200
3,17,-4,195
3,-15,-9,156
3,17,4,200
3,-15,9,175
3,-9,-15,157
3,9,-15,161
3,-9,15,171
3,15,-9,187
3,-13,-12,155
3,9,15,211
3,15,9,195
3,-13,12,190
3,-12,-13,152
3,-12,13,169
3,12,-13,171
3,12,13,195
3,13,-12,188
3,-17,-5,157
3,-17,5,155
3,13,12,179
3,-5,-17,152
3,5,-17,159
3,-5,17,173
3,5,17,194
3,17,-5,188
3,17,5,173
3,-11,-14,180
3,-14,-11,206
3,-16,-8,97
3,-14,11,278
3,-11,14,262
3,11,-14,242
3,11,14,212
3,14,-11,202
3,-16,8,132
3,-8,-16,103
3,-8,16,108
3,14,11,220
3,8,-16,112
3,8,16,120
3,16,-8,120
3,-18,0,140
3,0,-18,137
3,16,8,167
3,0,18,169
3,-18,-1,157
3,18,0,174
3,-18,1,155
3,-17,-6,150
3,-15,-10,140
3,-17,6,151
3,-10,-15,135
3,-15,10,161
3,-10,15,172
3,-6,-17,144
3,-1,-18,163
3,-6,17,194
3,1,-18,165
3,-1,18,196
3,6,-17,162
3,1,18,182
3,10,-15,170
3,6,17,194
3,15,-10,179
3,10,15,189
3,15,10,200
3,17,-6,177
3,17,6,188
3,18,-1,184
3,-18,-2,162
3,18,1,192
3,-18,2,152
3,-2,-18,142
3,2,-18,150
3,-2,18,177
3,2,18,172
3,18,-2,174
3,-18,-3,155
3,-18,3,152
3,-3,-18,151
3,18,2,187
3,3,-18,152
3,-3,18,168
3,3,18,169
3,18,-3,159
3,-16,-9,134
3,18,3,169
3,-9,-16,150
3,-16,9,160
3,9,-16,162
3,-9,16,171
3,9,16,195
3,16,-9,186
3,-17,-7,146
3,16,9,175
3,-13,-13,131
3,-17,7,152
3,-7,-17,153
3,-13,13,164
3,7,-17,162
3,-7,17,171
3,7,17,175
3,13,-13,173
3,13,13,203
3,-18,-4,154
3,17,-7,184
3,17,7,177
3,-18,4,149
3,-14,-12,148
3,-12,-14,124
3,-14,12,174
3,-12,14,151
3,-4,-18,148
3,4,-18,150
3,-4,18,165
3,12,-14,160
3,4,18,179
3,12,14,205
3,14,-12,199
3,18,-4,204
3,14,12,239
3,-15,-11,175
3,18,4,217
3,-15,11,192
3,-11,-15,182
3,-11,15,201
3,11,-15,198
3,15,-11,169
3,-18,-5,146
3,11,15,196
3,-18,5,155
3,15,11,185
3,-5,-18,136
3,5,-18,163
3,-5,18,173
3,5,18,185
3,18,-5,169
3,-17,-8,162
3,-8,-17,150
3,-17,8,160
3,18,5,178
3,-8,17,181
3,8,-17,172
3,17,-8,191
3,8,17,203
3,-16,-10,155
3,17,8,176
3,-10,-16,153
3,-16,10,163
3,-10,16,185
3,10,-16,180
3,16,-10,186
3,10,16,205
3,-18,-6,159
3,-18,6,167
3,-6,-18,166
3,16,10,206
3,6,-18,189
3,-6,18,199
3,6,18,184
3,18,-6,176
3,-19,0,168
3,18,6,204
3,0,-19,163
3,0,19,189
3,-19,-1,172
3,19,0,189
3,-19,1,150
3,-1,-19,150
3,1,-19,140
3,-1,19,186
3,1,19,173
3,19,-1,162
3,-19,-2,127
3,19,1,185
3,-14,-13,142
3,-19,2,153
3,-13,-14,142
3,-14,13,167
3,-13,14,155
3,-2,-19,158
3,2,-19,151
3,-2,19,193
3,13,-14,167
3,2,19,178
3,14,-13,174
3,13,14,184
3,19,-2,166
3,19,2,175
3,14,13,206
3,-15,-12,148
3,-15,12,177
3,-12,-15,149
3,12,-15,171
3,-12,15,182
3,15,-12,177
3,12,15,194
3,-19,3,152
3,-17,-9,144
3,15,12,171
3,-19,-3,164
3,-17,9,136
3,-9,-17,132
3,-3,-19,131
3,-9,17,152
3,-3,19,188
3,3,-19,178
3,9,-17,187
3,3,19,211
3,9,17,210
3,17,-9,218
3,19,-3,215
3,17,9,226
3,-18,-7,171
3,19,3,214
3,-7,-18,142
3,-18,7,163
3,-7,18,167
3,7,-18,159
3,18,-7,168
3,7,18,185
3,-19,-4,154
3,-16,-11,146
3,18,7,200
3,-19,4,167
3,-11,-16,147
3,-16,11,169
3,-4,-19,136
3,-11,16,177
3,4,-19,158
3,-4,19,172
3,4,19,189
3,11,-16,164
3,16,-11,169
3,11,16,182
3,19,-4,192
3,-19,-5,151
3,16,11,210
3,19,4,194
3,-5,-19,147
3,-19,5,158
3,5,-19,152
3,-5,19,182
3,19,-5,167
3,5,19,195
3,-18,-8,150
3,19,5,173
3,-18,8,160
3,-8,-18,150
3,8,-18,152
3,-8,18,182
3,8,18,181
3,18,-8,182
3,-17,-10,149
3,-10,-17,143
3,18,8,174
3,-17,10,164
3,10,-17,148
3,-10,17,174
3,10,17,163
3,17,-10,172
3,-14,-14,132
3,-14,14,162
3,-15,-13,143
3,17,10,205
3,14,-14,163
3,-13,-15,132
3,-15,13,171
3,14,14,197
3,-13,15,158
3,13,-15,149
3,15,-13,159
3,13,15,200
3,-19,-6,156
3,-6,-19,140
3,-19,6,161
3,15,13,192
3,6,-19,151
3,-6,19,168
3,6,19,167
3,19,-6,162
3,-16,-12,129
3,-20,0,139
3,-12,-16,117
3,19,6,164
3,-16,12,151
3,0,-20,136
3,-12,16,147
3,12,-16,133
3,16,-12,118
3,12,16,128
3,16,12,69
4,0,0,141
4,-1,0,144
4,0,-1,144
4,0,1,155
4,-1,-1,155
4,1,0,175
4,-2,0,185
4,-1,1,223
4,1,-1,215
4,1,1,224
4,0,-2,213
4,-2,-1,198
4,0,2,231
4,-2,1,212
4,2,0,234
4,-1,-2,186
4,-1,2,179
4,1,-2,176
4,1,2,195
4,2,-1,199
4,-2,-2,157
4,2,1,204
4,-3,0,175
4,-2,2,188
4,2,-2,185
4,0,-3,166
4,2,2,209
4,0,3,199
4,-3,-1,158
4,3,0,214
4,-3,1,182
4,-1,-3,174
4,-1,3,182
4,1,-3,178
4,1,3,204
4,3,-1,188
4,-3,-2,162
4,3,1,200
4,-2,-3,146
4,-3,2,178
4,-2,3,181
4,2,-3,191
4,3,-2,187
4,-4,0,171
4,2,3,215
4,0,-4,177
4,3,2,207
4,-4,-1,173
4,0,4,187
4,4,0,188
4,-4,1,183
4,-1,-4,175
4,1,-4,164
4,-1,4,195
4,-3,-3,164
4,1,4,193
4,4,-1,197
4,-3,3,185
4,4,1,194
4,3,-3,199
4,-4,-2,177
4,3,3,207
4,-4,2,176
4,-2,-4,150
4,2,-4,177
4,-2,4,187
4,4,-2,182
4,2,4,196
4,-5,0,164
4,4,2,220
4,-4,-3,180
4,-4,3,207
4,-3,-4,200
4,-3,4,220
4,0,-5,204
4,0,5,229
4,3,-4,219
4,4,-3,210
4,3,4,250
4,4,3,240
4,5,0,186
4,-5,-1,168
4,-5,1,177
4,-1,-5,170
4,-1,5,192
4,1,-5,165
4,5,-1,202
4,1,5,212
4,5,1,192
4,-5,-2,167
4,-2,-5,152
4,-5,2,177
4,2,-5,177
4,-2,5,192
4,5,-2,186
4,2,5,193
4,-4,-4,143
4,5,2,202
4,-5,-3,149
4,-4,4,192
4,4,-4,188
4,-3,-5,165
4,-5,3,178
4,4,4,228
4,3,-5,174
4,-3,5,191
4,3,5,200
4,-6,0,170
4,0,-6,174
4,5,-3,189
4,5,3,204
4,-6,-1,173
4,0,6,204
4,6,0,195
4,-6,1,180
4,-1,-6,170
4,-1,6,202
4,1,-6,173
4,1,6,188
4,6,-1,196
4,-6,-2,153
4,6,1,187
4,-6,2,176
4,-2,-6,175
4,2,-6,155
4,-2,6,191
4,6,-2,190
4,-5,-4,160
4,2,6,201
4,-4,-5,154
4,6,2,196
4,-5,4,185
4,-4,5,186
4,4,-5,185
4,4,5,211
4,5,-4,185
4,-6,-3,149
4,-3,-6,201
4,-6,3,217
4,5,4,239
4,3,-6,215
4,-3,6,223
4,6,-3,220
4,3,6,241
4,-7,0,199
4,6,3,233
4,0,-7,203
4,-7,-1,169
4,-5,-5,164
4,0,7,195
4,7,0,191
4,-7,1,171
4,-5,5,180
4,-1,-7,173
4,1,-7,154
4,-1,7,192
4,1,7,196
4,-6,-4,166
4,5,-5,185
4,5,5,199
4,7,-1,195
4,7,1,193
4,-4,-6,159
4,-6,4,176
4,-4,6,171
4,4,-6,179
4,4,6,194
4,6,-4,180
4,-7,-2,169
4,-2,-7,168
4,6,4,197
4,-7,2,175
4,2,-7,159
4,-2,7,187
4,7,-2,188
4,2,7,207
4,-7,-3,153
4,-3,-7,152
4,7,2,209
4,-7,3,181
4,3,-7,172
4,-3,7,194
4,7,-3,191
4,3,7,212
4,-6,-5,148
4,7,3,199
4,-5,-6,158
4,-6,5,184
4,-5,6,170
4,5,-6,188
4,6,-5,183
4,5,6,204
4,-8,0,178
4,6,5,203
4,0,-8,173
4,0,8,185
4,-8,-1,175
4,8,0,199
4,-8,1,173
4,-7,-4,152
4,-4,-7,161
4,-7,4,174
4,-1,-8,170
4,-4,7,188
4,-1,8,197
4,1,-8,152
4,1,8,215
4,4,-7,223
4,7,-4,219
4,4,7,241
4,8,-1,221
4,7,4,241
4,-8,-2,184
4,8,1,211
4,-2,-8,197
4,-8,2,210
4,-2,8,199
4,2,-8,183
4,2,8,194
4,-6,-6,146
4,8,-2,186
4,8,2,192
4,-6,6,177
4,6,-6,173
4,-8,-3,156
4,6,6,207
4,-3,-8,165
4,-8,3,179
4,3,-8,172
4,-3,8,180
4,3,8,217
4,8,-3,195
4,-7,-5,171
4,8,3,204
4,-7,5,165
4,-5,-7,141
4,-5,7,167
4,5,-7,185
4,7,-5,174
4,5,7,205
4,-8,-4,170
4,7,5,194
4,-8,4,179
4,-4,-8,173
4,4,-8,171
4,-4,8,195
4,4,8,191
4,8,-4,187
4,-9,0,170
4,0,-9,153
4,8,4,206
4,-9,-1,170
4,-9,1,166
4,0,9,187
4,9,0,191
4,-1,-9,174
4,1,-9,170
4,-1,9,210
4,1,9,188
4,9,-1,184
4,9,1,192
4,-9,-2,155
4,-9,2,154
4,-7,-6,154
4,-6,-7,163
4,-7,6,180
4,-2,-9,147
4,-6,7,171
4,2,-9,166
4,-2,9,193
4,6,-7,177
4,2,9,188
4,7,-6,172
4,6,7,216
4,9,-2,185
4,7,6,200
4,-8,-5,198
4,9,2,223
4,-8,5,202
4,-5,-8,191
4,5,-8,215
4,-5,8,230
4,5,8,224
4,-9,-3,190
4,8,-5,212
4,8,5,230
4,-9,3,161
4,-3,-9,155
4,-3,9,185
4,3,-9,163
4,-9,-4,159
4,9,-3,184
4,3,9,201
4,-9,4,163
4,-4,-9,148
4,9,3,201
4,4,-9,165
4,-4,9,184
4,4,9,196
4,-7,-7,142
4,9,-4,198
4,9,4,206
4,-7,7,185
4,7,-7,187
4,-10,0,164
4,7,7,200
4,-8,-6,158
4,-8,6,175
4,-6,-8,164
4,0,-10,168
4,-6,8,185
4,6,-8,182
4,0,10,191
4,8,-6,185
4,6,8,200
4,-10,-1,148
4,10,0,190
4,8,6,218
4,-10,1,168
4,-1,-10,179
4,-1,10,179
4,1,-10,161
4,-10,-2,153
4,1,10,196
4,10,-1,196
4,-10,2,159
4,10,1,194
4,-2,-10,158
4,2,-10,159
4,-2,10,180
4,2,10,205
4,10,-2,182
4,-9,-5,166
4,-9,5,171
4,-5,-9,166
4,10,2,192
4,5,-9,173
4,-5,9,187
4,9,-5,170
4,5,9,205
4,-10,-3,153
4,-10,3,158
4,9,5,200
4,-3,-10,158
4,3,-10,182
4,-3,10,192
4,3,10,194
4,10,-3,199
4,-8,-7,182
4,10,3,227
4,-7,-8,183
4,-8,7,223
4,-7,8,212
4,7,-8,218
4,8,-7,231
4,7,8,239
4,-10,-4,208
4,8,7,235
4,-10,4,163
4,-4,-10,152
4,-4,10,182
4,4,-10,163
4,4,10,196
4,10,-4,188
4,-9,-6,152
4,-6,-9,157
4,-9,6,187
4,10,4,201
4,-6,9,191
4,6,-9,171
4,6,9,205
4,9,-6,196
4,-11,0,183
4,0,-11,187
4,9,6,218
4,-11,-1,165
4,11,0,199
4,0,11,213
4,-11,1,176
4,-1,-11,177
4,1,-11,173
4,-1,11,199
4,1,11,184
4,11,-1,194
4,-11,-2,182
4,-10,-5,148
4,11,1,199
4,-11,2,168
4,-10,5,166
4,-5,-10,161
4,-2,-11,156
4,-5,10,206
4,2,-11,163
4,-2,11,190
4,5,-10,186
4,2,11,205
4,5,10,203
4,10,-5,198
4,11,-2,189
4,10,5,215
4,-8,-8,151
4,11,2,190
4,8,-8,190
4,-8,8,200
4,-11,-3,164
4,-9,-7,155
4,-11,3,177
4,8,8,205
4,-7,-9,158
4,-9,7,191
4,-3,-11,162
4,-7,9,191
4,3,-11,180
4,-3,11,202
4,7,-9,170
4,3,11,202
4,9,-7,180
4,7,9,207
4,11,-3,189
4,9,7,204
4,-10,-6,153
4,11,3,234
4,-10,6,200
4,-6,-10,189
4,6,-10,205
4,-6,10,221
4,-11,-4,186
4,10,-6,207
4,6,10,221
4,-11,4,207
4,10,6,230
4,-4,-11,151
4,4,-11,163
4,-4,11,187
4,4,11,192
4,11,-4,191
4,-12,0,171
4,0,-12,179
4,11,4,191
4,-12,-1,172
4,0,12,197
4,12,0,205
4,-12,1,160
4,-9,-8,145
4,-8,-9,145
4,-9,8,166
4,-1,-12,165
4,-8,9,187
4,1,-12,152
4,-1,12,201
4,1,12,195
4,8,-9,181
4,9,-8,173
4,8,9,202
4,9,8,204
4,-11,-5,156
4,12,-1,193
4,12,1,183
4,-11,5,175
4,-5,-11,164
4,5,-11,160
4,-5,11,198
4,5,11,197
4,11,-5,181
4,-12,-2,172
4,-12,2,172
4,-2,-12,158
4,11,5,202
4,2,-12,163
4,-2,12,176
4,2,12,195
4,12,-2,181
4,-10,-7,155
4,12,2,191
4,-7,-10,138
4,-10,7,162
4,-7,10,182
4,7,-10,176
4,10,-7,187
4,7,10,198
4,-12,-3,148
4,-12,3,154
4,10,7,201
4,-3,-12,152
4,-3,12,190
4,3,-12,176
4,3,12,195
4,-11,-6,160
4,12,-3,191
4,-6,-11,143
4,12,3,206
4,-11,6,164
4,-6,11,178
4,6,-11,181
4,11,-6,174
4,6,11,233
4,-12,-4,186
4,-12,4,194
4,-4,-12,184
4,11,6,223
4,4,-12,212
4,-4,12,227
4,12,-4,222
4,4,12,237
4,-9,-9,155
4,12,4,199
4,-9,9,163
4,9,-9,176
4,-10,-8,150
4,-8,-10,146
4,-10,8,164
4,9,9,216
4,-8,10,167
4,8,-10,168
4,10,-8,193
4,8,10,208
4,-13,0,164
4,-12,-5,159
4,10,8,204
4,-12,5,163
4,-5,-12,145
4,-5,12,164
4,0,-13,174
4,0,13,199
4,5,-12,171
4,12,-5,184
4,5,12,191
4,-13,-1,162
4,-13,1,159
4,12,5,189
4,13,0,197
4,-11,-7,163
4,-11,7,166
4,-7,-11,156
4,-7,11,168
4,-1,-13,152
4,1,-13,166
4,-1,13,185
4,7,-11,177
4,1,13,193
4,11,-7,183
4,7,11,207
4,11,7,200
4,13,-1,187
4,-13,-2,173
4,13,1,184
4,-13,2,163
4,-2,-13,156
4,2,-13,152
4,-2,13,188
4,2,13,172
4,13,-2,180
4,-13,-3,159
4,13,2,193
4,-3,-13,152
4,-13,3,164
4,3,-13,172
4,-3,13,187
4,3,13,181
4,13,-3,187
4,-12,-6,158
4,13,3,196
4,-6,-12,146
4,-12,6,166
4,-6,12,187
4,6,-12,171
4,12,-6,182
4,6,12,194
4,-10,-9,145
4,-10,9,164
4,-9,-10,146
4,12,6,206
4,9,-10,203
4,-9,10,226
4,10,-9,224
4,-13,-4,182
4,9,10,235
4,-13,4,196
4,10,9,210
4,-11,-8,179
4,-11,8,196
4,-8,-11,192
4,-4,-13,149
4,-8,11,182
4,4,-13,153
4,-4,13,183
4,8,-11,180
4,4,13,194
4,11,-8,174
4,8,11,190
4,11,8,193
4,13,-4,188
4,-12,-7,144
4,13,4,182
4,-12,7,167
4,-7,-12,144
4,7,-12,159
4,-7,12,186
4,12,-7,182
4,7,12,204
4,-13,-5,164
4,-13,5,161
4,12,7,201
4,-5,-13,157
4,5,-13,163
4,-5,13,172
4,5,13,180
4,13,-5,183
4,13,5,190
4,-14,0,175
4,0,-14,171
4,-14,-1,156
4,0,14,182
4,14,0,176
4,-14,1,167
4,-1,-14,149
4,1,-14,153
4,-1,14,196
4,14,-1,173
4,-14,-2,156
4,1,14,180
4,14,1,187
4,-10,-10,156
4,-14,2,169
4,-2,-14,144
4,-10,10,165
4,2,-14,139
4,-2,14,163
4,2,14,187
4,10,-10,175
4,-11,-9,155
4,14,-2,175
4,10,10,184
4,-9,-11,144
4,14,2,190
4,-11,9,175
4,-9,11,184
4,9,-11,176
4,-14,-3,168
4,11,-9,181
4,-13,-6,150
4,9,11,190
4,-14,3,160
4,11,9,185
4,-6,-13,150
4,-13,6,158
4,-3,-14,127
4,-6,13,152
4,3,-14,188
4,-3,14,196
4,6,-13,188
4,3,14,197
4,13,-6,221
4,6,13,237
4,14,-3,225
4,13,6,235
4,-12,-8,180
4,14,3,229
4,-8,-12,142
4,-12,8,167
4,8,-12,170
4,-8,12,178
4,-14,-4,161
4,8,12,190
4,12,-8,176
4,-14,4,165
4,-4,-14,149
4,12,8,199
4,-4,14,178
4,4,-14,161
4,14,-4,187
4,4,14,201
4,-13,-7,143
4,-7,-13,150
4,-13,7,159
4,14,4,178
4,7,-13,169
4,-7,13,181
4,13,-7,182
4,7,13,196
4,-11,-10,146
4,-14,-5,165
4,-14,5,160
4,13,7,185
4,-10,-11,147
4,-11,10,180
4,-5,-14,150
4,-10,11,172
4,5,-14,162
4,-5,14,175
4,10,-11,168
4,11,-10,172
4,5,14,200
4,10,11,198
4,14,-5,176
4,11,10,201
4,-15,0,171
4,14,5,200
4,-9,-12,175
4,0,-15,150
4,-12,-9,225
4,-12,9,241
4,0,15,179
4,-9,12,202
4,9,-12,233
4,9,12,245
4,-15,-1,125
4,12,9,238
4,12,-9,258
4,-15,1,131
4,15,0,153
4,-1,-15,129
4,1,-15,159
4,-1,15,176
4,1,15,175
4,-15,-2,150
4,-15,2,158
4,15,-1,183
4,15,1,178
4,-2,-15,183
4,2,-15,166
4,-2,15,191
4,15,-2,190
4,2,15,204
4,-14,-6,149
4,15,2,190
4,-6,-14,164
4,-14,6,175
4,-6,14,165
4,6,-14,162
4,14,-6,163
4,6,14,183
4,-13,-8,149
4,14,6,183
4,-13,8,170
4,-8,-13,148
4,8,-13,168
4,-8,13,178
4,13,-8,174
4,8,13,198
4,-15,-3,168
4,13,8,188
4,-15,3,148
4,-3,-15,166
4,-3,15,168
4,3,-15,155
4,-15,-4,153
4,-15,4,153
4,3,15,198
4,15,-3,192
4,-4,-15,152
4,15,3,177
4,-4,15,156
4,4,-15,149
4,15,-4,164
4,4,15,184
4,-11,-11,172
4,15,4,200
4,-11,11,194
4,-12,-10,182
4,11,-11,199
4,-12,10,198
4,-10,-12,179
4,11,11,237
4,-10,12,198
4,10,-12,183
4,10,12,196
4,-14,-7,164
4,12,-10,182
4,-14,7,163
4,12,10,195
4,-7,-14,157
4,7,-14,155
4,-7,14,192
4,14,-7,163
4,7,14,201
4,-15,-5,152
4,-15,5,154
4,-13,-9,151
4,14,7,184
4,-9,-13,151
4,-13,9,159
4,-9,13,176
4,-5,-15,150
4,-5,15,190
4,5,-15,162
4,9,-13,158
4,5,15,199
4,13,-9,190
4,13,9,184
4,15,-5,178
4,9,13,216
4,-16,0,166
4,15,5,197
4,0,-16,148
4,0,16,183
4,-16,-1,146
4,16,0,187
4,-1,-16,141
4,-16,1,157
4,1,-16,172
4,-1,16,195
4,1,16,184
4,16,-1,188
4,16,1,196
4,-16,-2,154
4,-14,-8,149
4,-16,2,162
4,-8,-14,145
4,-14,8,168
4,-8,14,173
4,-2,-16,154
4,2,-16,163
4,-2,16,200
4,8,-14,160
4,2,16,181
4,14,-8,182
4,8,14,196
4,16,-2,176
4,14,8,187
4,-15,-6,166
4,16,2,184
4,-15,6,167
4,-6,-15,157
4,-6,15,189
4,6,-15,167
4,6,15,177
4,15,-6,172
4,-16,-3,155
4,15,6,190
4,-12,-11,149
4,-16,3,167
4,-11,-12,146
4,-12,11,173
4,-11,12,163
4,-3,-16,155
4,3,-16,178
4,-3,16,223
4,11,-12,199
4,3,16,219
4,12,-11,214
4,11,12,243
4,16,-3,208
4,12,11,230
4,16,3,230
4,-13,-10,239
4,-16,-4,129
4,-13,10,248
4,-10,-13,219
4,-16,4,95
4,10,-13,221
4,-4,-16,82
4,-10,13,282
4,13,-10,230
4,10,13,249
4,13,10,229
4,-4,16,150
4,4,-16,139
4,4,16,173
4,16,-4,179
4,-15,-7,156
4,-15,7,156
4,-7,-15,155
4,16,4,223
4,7,-15,164
4,-7,15,173
4,15,-7,173
4,7,15,189
4,-14,-9,147
4,15,7,195
4,-9,-14,147
4,-14,9,166
4,-9,14,167
4,9,-14,165
4,14,-9,183
4,9,14,201
4,-16,-5,152
4,-16,5,161
4,14,9,203
4,-5,-16,143
4,5,-16,152
4,-5,16,186
4,16,-5,175
4,5,16,194
4,-12,-12,154
4,16,5,198
4,-12,12,173
4,12,-12,170
4,-17,0,166
4,-15,-8,150
4,12,12,207
4,-15,8,160
4,-8,-15,158
4,-8,15,166
4,0,-17,165
4,8,-15,151
4,0,17,181
4,8,15,193
4,15,-8,192
4,-17,-1,163
4,15,8,191
4,17,0,180
4,-17,1,158
4,-13,-11,156
4,-13,11,162
4,-11,-13,150
4,-11,13,159
4,-1,-17,154
4,1,-17,142
4,-1,17,193
4,1,17,183
4,11,-13,177
4,13,-11,168
4,11,13,189
4,13,11,188
4,17,-1,179
4,17,1,191
4,-16,-6,142
4,-16,6,157
4,-6,-16,147
4,6,-16,156
4,-6,16,182
4,6,16,197
4,16,-6,194
4,16,6,182
4,-17,-2,199
4,-2,-17,223
4,-2,17,204
4,2,-17,184
4,-14,-10,101
4,-17,2,293
4,-14,10,135
4,-10,-14,112
4,2,17,222
4,17,-2,215
4,17,2,203
4,-10,14,125
4,10,-14,120
4,14,-10,122
4,10,14,165
4,-17,-3,132
4,14,10,155
4,-17,3,145
4,-3,-17,150
4,3,-17,167
4,-3,17,189
4,17,-3,176
4,3,17,196
4,-17,-4,153
4,17,3,181
4,-17,4,162
4,-16,-7,145
4,-16,7,170
4,-7,-16,150
4,-4,-17,150
4,-7,16,169
4,4,-17,146
4,-4,17,172
4,4,17,183
4,7,-16,162
4,16,-7,182
4,7,16,195
4,16,7,177
4,17,-4,189
4,-15,-9,142
4,-15,9,160
4,17,4,192
4,-9,-15,155
4,-9,15,188
4,9,-15,187
4,15,-9,171
4,-13,-12,143
4,9,15,190
4,-13,12,172
4,15,9,205
4,-12,-13,147
4,-12,13,159
4,12,-13,164
4,13,-12,161
4,12,13,191
4,-17,-5,156
4,-17,5,152
4,-5,-17,156
4,13,12,201
4,5,-17,150
4,-5,17,173
4,17,-5,167
4,5,17,198
4,-14,-11,148
4,17,5,180
4,-11,-14,154
4,-14,11,177
4,-11,14,168
4,11,-14,170
4,11,14,183
4,14,-11,169
4,-16,-8,131
4,14,11,182
4,-16,8,160
4,-8,-16,155
4,8,-16,159
4,-8,16,180
4,8,16,185
4,16,-8,172
4,-18,0,158
4,0,-18,159
4,16,8,196
4,0,18,167
4,-18,-1,153
4,-18,1,156
4,18,0,208
4,-17,-6,157
4,-15,-10,128
4,-17,6,186
4,-10,-15,185
4,-15,10,209
4,-6,-17,181
4,-10,15,208
4,-6,17,201
4,-1,-18,188
4,1,-18,189
4,-1,18,204
4,6,-17,178
4,1,18,232
4,10,-15,165
4,6,17,185
4,15,-10,185
4,10,15,205
4,17,-6,173
4,15,10,186
4,17,6,185
4,18,-1,179
4,-18,-2,142
4,18,1,173
4,-18,2,154
4,-2,-18,153
4,2,-18,151
4,-2,18,179
4,2,18,192
4,-18,-3,161
4,18,-2,197
4,18,2,172
4,-18,3,158
4,-3,-18,153
4,3,-18,149
4,-3,18,181
4,3,18,182
4,18,-3,184
4,-16,-9,140
4,-9,-16,145
4,18,3,171
4,-16,9,162
4,-9,16,182
4,9,-16,173
4,9,16,188
4,16,-9,179
4,-17,-7,129
4,16,9,183
4,-17,7,154
4,-7,-17,149
4,-13,-13,199
4,-7,17,168
4,7,-17,159
4,-13,13,242
4,7,17,183
4,13,-13,210
4,17,-7,159
4,-18,-4,131
4,17,7,175
4,13,13,271
4,-14,-12,160
4,-18,4,184
4,-12,-14,155
4,-14,12,182
4,-4,-18,175
4,-12,14,213
4,4,-18,186
4,-4,18,217
4,12,-14,167
4,4,18,205
4,14,-12,168
4,12,14,185
4,18,-4,186
4,14,12,197
4,-15,-11,154
4,18,4,175
4,-11,-15,147
4,-15,11,179
4,-11,15,170
4,11,-15,161
4,11,15,189
4,15,-11,190
4,-18,-5,154
4,15,11,179
4,-18,5,163
4,-5,-18,152
4,5,-18,153
4,-5,18,173
4,5,18,189
4,18,-5,183
4,-17,-8,151
4,18,5,179
4,-8,-17,146
4,-17,8,166
4,-8,17,176
4,8,-17,163
4,8,17,178
4,17,-8,168
4,-16,-10,134
4,-16,10,158
4,17,8,174
4,-10,-16,146
4,-10,16,180
4,10,-16,173
4,10,16,173
4,16,-10,170
4,16,10,191
4,-18,-6,230
4,6,-18,169
4,-19,0,124
4,-18,6,246
4,0,-19,87
4,-6,-18,265
4,-6,18,265
4,18,6,197
4,6,18,240
4,0,19,115
4,18,-6,266
4,19,0,143
4,-19,-1,179
4,-19,1,204
4,-19,-2,122
4,-19,2,127
4,-1,-19,203
4,1,-19,196
4,19,-1,184
4,-14,-13,82
4,-1,19,257
4,19,1,227
4,-14,13,111
4,1,19,260
4,-13,-14,85
4,-13,14,125
4,-2,-19,121
4,-2,19,128
4,2,-19,126
4,2,19,161
4,13,-14,168
4,14,-13,169
4,-15,-12,147
4,13,14,193
4,19,-2,172
4,14,13,187
4,19,2,171
4,-12,-15,142
4,-15,12,159
4,-12,15,165
4,12,-15,158
4,15,-12,168
4,12,15,203
4,-19,-3,177
4,-19,3,167
4,15,12,187
4,-17,-9,200
4,-3,-19,109
4,-9,-17,193
4,-17,9,223
4,3,-19,108
4,-3,19,134
4,-9,17,187
4,3,19,184
4,9,-17,219
4,19,-3,194
4,17,-9,223
4,19,3,186
4,-18,-7,161
4,-18,7,170
4,-7,-18,163
4,-7,18,116
4,9,17,303
4,17,9,264
4,7,-18,93
4,7,18,139
4,18,-7,151
4,-19,-4,138
4,18,7,151
4,-16,-11,140
4,-19,4,153
4,-11,-16,145
4,-16,11,158
4,-4,-19,149
4,-11,16,161
4,-4,19,178
4,4,-19,160
4,4,19,171
4,11,-16,166
4,16,-11,163
4,11,16,185
4,19,-4,186
4,16,11,198
4,-19,-5,162
4,19,4,177
4,-19,5,133
4,-5,-19,145
4,-5,19,162
4,5,-19,156
4,5,19,183
4,19,-5,182
4,-18,-8,151
4,19,5,168
4,-8,-18,148
4,-18,8,160
4,8,-18,146
4,-8,18,171
4,18,-8,168
4,8,18,181
4,-17,-10,140
4,-17,10,154
4,-10,-17,152
4,18,8,187
4,10,-17,148
4,-10,17,166
4,17,-10,199
4,10,17,215
4,-14,-14,152
4,-14,14,206
4,14,-14,193
4,-15,-13,179
4,17,10,242
4,-13,-15,173
4,-15,13,187
4,14,14,213
4,-13,15,143
4,13,-15,150
4,13,15,170
4,-19,-6,128
4,15,-13,146
4,15,13,168
4,-19,6,161
4,-6,-19,161
4,6,-19,154
4,-6,19,186
4,19,-6,170
4,6,19,188
4,-16,-12,137
4,19,6,192
4,-20,0,159
4,-12,-16,143
4,-16,12,153
4,-12,16,132
4,0,-20,127
4,12,-16,130
4,16,-12,100
4,12,16,112
4,16,12,77
5,0,0,152
5,-1,0,154
5,0,-1,183
5,0,1,201
5,-1,-1,196
5,1,0,203
5,1,-1,204
5,-2,0,165
5,-1,1,228
5,1,1,210
5,0,-2,175
5,0,2,200
5,-2,-1,167
5,2,0,196
5,-1,-2,173
5,-2,1,180
5,1,-2,177
5,-1,2,190
5,1,2,214
5,2,-1,203
5,-2,-2,163
5,2,1,201
5,-3,0,179
5,-2,2,198
5,2,-2,203
5,0,-3,178
5,2,2,227
5,0,3,200
5,-3,-1,161
5,3,0,217
5,-3,1,180
5,-1,-3,177
5,1,-3,182
5,-1,3,192
5,1,3,205
5,3,-1,188
5,-3,-2,170
5,3,1,208
5,-3,2,177
5,-2,-3,154
5,2,-3,174
5,-2,3,186
5,3,-2,187
5,2,3,213
5,-4,0,179
5,0,-4,179
5,3,2,198
5,-4,-1,158
5,4,0,207
5,0,4,214
5,-4,1,171
5,-1,-4,171
5,1,-4,160
5,-1,4,204
5,1,4,187
5,4,-1,189
5,-3,-3,168
5,4,1,200
5,-3,3,185
5,3,-3,186
5,-4,-2,169
5,3,3,221
5,-4,2,213
5,-2,-4,193
5,2,-4,212
5,-2,4,227
5,2,4,226
5,4,-2,218
5,-4,-3,190
5,-5,0,213
5,4,2,240
5,-4,3,189
5,-3,-4,166
5,-3,4,184
5,0,-5,175
5,3,-4,177
5,0,5,196
5,3,4,212
5,4,-3,192
5,4,3,191
5,-5,-1,172
5,5,0,197
5,-5,1,176
5,-1,-5,162
5,1,-5,174
5,-1,5,207
5,1,5,196
5,5,-1,205
5,5,1,209
5,-5,-2,260
5,-5,2,253
5,-2,5,210
5,-4,-4,105
5,-2,-5,301
5,2,5,230
5,2,-5,290
5,-4,4,152
5,5,-2,247
5,5,2,233
5,4,-4,169
5,-5,-3,157
5,4,4,187
5,-3,-5,143
5,-5,3,185
5,3,-5,179
5,-3,5,198
5,3,5,190
5,5,-3,188
5,-6,0,155
5,5,3,205
5,0,-6,172
5,-6,-1,149
5,0,6,210
5,6,0,187
5,-1,-6,149
5,-6,1,157
5,1,-6,172
5,-1,6,197
5,6,-1,192
5,1,6,201
5,6,1,194
5,-6,-2,161
5,-6,2,163
5,-2,-6,163
5,2,-6,188
5,-2,6,198
5,6,-2,186
5,2,6,208
5,-5,-4,165
5,-4,-5,139
5,6,2,188
5,-5,4,164
5,-4,5,218
5,4,-5,214
5,5,-4,213
5,4,5,227
5,5,4,226
5,-6,-3,227
5,-6,3,245
5,3,-6,231
5,-3,-6,250
5,-7,0,120
5,-3,6,276
5,6,-3,222
5,0,-7,156
5,3,6,280
5,6,3,226
5,0,7,176
5,-7,-1,164
5,-7,1,157
5,7,0,197
5,-5,-5,169
5,-5,5,197
5,-1,-7,198
5,1,-7,158
5,-1,7,196
5,1,7,189
5,5,-5,184
5,-6,-4,148
5,7,-1,178
5,7,1,195
5,5,5,232
5,-4,-6,143
5,-6,4,173
5,-4,6,195
5,4,-6,201
5,4,6,213
5,-7,-2,165
5,6,-4,203
5,-2,-7,157
5,-7,2,173
5,6,4,215
5,2,-7,192
5,-2,7,207
5,2,7,212
5,-7,-3,176
5,7,-2,201
5,-7,3,175
5,-3,-7,180
5,3,-7,163
5,7,2,209
5,-3,7,186
5,3,7,207
5,7,-3,198
5,-6,-5,152
5,-5,-6,160
5,7,3,195
5,-6,5,183
5,-5,6,180
5,5,-6,175
5,6,-5,188
5,5,6,196
5,-8,0,169
5,6,5,195
5,0,-8,163
5,-8,-1,162
5,-7,-4,153
5,-8,1,162
5,0,8,212
5,8,0,195
5,-7,4,170
5,-4,-7,166
5,-4,7,186
5,-1,-8,167
5,-1,8,193
5,1,-8,163
5,4,-7,181
5,1,8,199
5,7,-4,174
5,4,7,201
5,8,-1,187
5,7,4,199
5,-8,-2,173
5,8,1,196
5,-8,2,153
5,-2,-8,159
5,-2,8,214
5,2,-8,204
5,-6,-6,178
5,2,8,232
5,8,-2,221
5,8,2,226
5,-6,6,197
5,6,-6,208
5,-8,-3,190
5,6,6,235
5,-3,-8,163
5,-8,3,171
5,-3,8,184
5,3,-8,168
5,8,-3,191
5,3,8,199
5,-7,-5,154
5,8,3,190
5,-7,5,156
5,-5,-7,157
5,-5,7,170
5,5,-7,165
5,5,7,189
5,7,-5,168
5,-8,-4,173
5,-4,-8,169
5,7,5,199
5,-8,4,181
5,-4,8,192
5,4,-8,177
5,8,-4,170
5,4,8,211
5,-9,0,170
5,0,-9,164
5,8,4,205
5,-9,-1,165
5,-9,1,175
5,0,9,204
5,-1,-9,161
5,9,0,203
5,-1,9,181
5,1,-9,158
5,1,9,191
5,9,-1,188
5,9,1,190
5,-7,-6,156
5,-9,-2,190
5,-6,-7,152
5,-7,6,171
5,-9,2,230
5,-6,7,184
5,-2,-9,270
5,6,-7,208
5,7,-6,205
5,-2,9,267
5,2,-9,247
5,6,7,219
5,7,6,210
5,2,9,259
5,-8,-5,129
5,9,-2,300
5,9,2,280
5,-8,5,176
5,-5,-8,173
5,-5,8,198
5,5,-8,189
5,5,8,210
5,8,-5,205
5,8,5,225
5,-9,-3,189
5,-3,-9,145
5,-9,3,172
5,-3,9,183
5,3,-9,183
5,9,-3,187
5,3,9,196
5,-9,-4,172
5,-9,4,172
5,9,3,206
5,-4,-9,172
5,-4,9,177
5,4,-9,164
5,-7,-7,148
5,9,-4,196
5,4,9,206
5,-7,7,185
5,9,4,206
5,7,-7,183
5,-10,0,160
5,-8,-6,142
5,7,7,206
5,-8,6,176
5,-6,-8,150
5,-6,8,185
5,0,-10,180
5,6,-8,167
5,0,10,182
5,6,8,203
5,8,-6,198
5,8,6,218
5,10,0,204
5,-10,-1,213
5,-10,1,244
5,-1,-10,205
5,-10,-2,143
5,1,-10,247
5,1,10,231
5,-1,10,281
5,-10,2,161
5,-2,-10,146
5,10,-1,255
5,10,1,264
5,2,-10,152
5,-2,10,165
5,2,10,137
5,10,-2,158
5,-9,-5,157
5,-5,-9,147
5,10,2,177
5,-9,5,181
5,-5,9,192
5,5,-9,186
5,9,-5,182
5,5,9,194
5,-10,-3,167
5,-10,3,169
5,9,5,208
5,-3,-10,162
5,3,-10,171
5,-3,10,196
5,3,10,198
5,10,-3,190
5,-8,-7,151
5,10,3,196
5,-7,-8,142
5,-8,7,182
5,7,-8,168
5,-7,8,185
5,8,-7,168
5,7,8,203
5,-10,-4,163
5,-10,4,166
5,-4,-10,165
5,8,7,197
5,-4,10,177
5,4,-10,161
5,4,10,195
5,10,-4,194
5,-9,-6,157
5,10,4,193
5,-6,-9,167
5,-9,6,177
5,-6,9,168
5,6,-9,171
5,9,-6,181
5,6,9,198
5,-11,0,151
5,0,-11,158
5,9,6,204
5,-11,-1,164
5,0,11,190
5,-1,-11,148
5,11,0,198
5,-11,1,216
5,1,-11,187
5,-1,11,216
5,1,11,230
5,11,-1,240
5,11,1,211
5,-10,-5,171
5,-11,-2,202
5,-11,2,202
5,-5,-10,149
5,-10,5,178
5,-5,10,176
5,-2,-11,155
5,-2,11,191
5,2,-11,165
5,5,-10,156
5,2,11,197
5,10,-5,183
5,5,10,199
5,10,5,189
5,11,-2,185
5,-8,-8,142
5,11,2,189
5,-8,8,177
5,8,-8,177
5,-11,-3,155
5,8,8,203
5,-11,3,163
5,-9,-7,155
5,-7,-9,169
5,-9,7,178
5,-7,9,179
5,-3,-11,145
5,3,-11,158
5,-3,11,170
5,3,11,185
5,7,-9,188
5,9,-7,185
5,7,9,195
5,-10,-6,142
5,11,-3,190
5,9,7,199
5,11,3,193
5,-10,6,173
5,-6,-10,166
5,-6,10,162
5,6,-10,175
5,-11,-4,157
5,10,-6,186
5,-11,4,159
5,6,10,197
5,10,6,179
5,-4,-11,153
5,4,-11,163
5,-4,11,185
5,4,11,187
5,11,-4,172
5,-12,0,171
5,0,-12,171
5,-12,-1,156
5,11,4,197
5,0,12,196
5,12,0,193
5,-9,-8,140
5,-12,1,170
5,-8,-9,143
5,-1,-12,151
5,-9,8,183
5,-8,9,165
5,1,-12,178
5,-1,12,188
5,1,12,193
5,8,-9,192
5,9,-8,186
5,8,9,225
5,9,8,220
5,-11,-5,192
5,12,-1,226
5,-5,-11,184
5,-11,5,194
5,12,1,237
5,-5,11,220
5,5,-11,219
5,11,-5,175
5,5,11,205
5,-12,-2,152
5,-2,-12,153
5,-12,2,161
5,11,5,194
5,2,-12,158
5,-2,12,185
5,12,-2,184
5,2,12,196
5,-10,-7,158
5,12,2,189
5,-10,7,178
5,-7,-10,159
5,-7,10,179
5,7,-10,174
5,10,-7,190
5,7,10,207
5,-12,-3,145
5,-12,3,165
5,-3,-12,147
5,10,7,186
5,3,-12,166
5,-3,12,174
5,3,12,185
5,12,-3,180
5,-11,-6,146
5,12,3,177
5,-11,6,161
5,-6,-11,162
5,6,-11,169
5,-6,11,185
5,6,11,187
5,11,-6,185
5,-12,-4,153
5,11,6,191
5,-12,4,179
5,-4,-12,162
5,-4,12,164
5,4,-12,158
5,12,-4,192
5,4,12,201
5,-9,-9,143
5,-9,9,181
5,-10,-8,144
5,12,4,202
5,9,-9,168
5,-8,-10,142
5,9,9,199
5,-10,8,182
5,-8,10,184
5,8,-10,187
5,8,10,208
5,10,-8,165
5,-13,0,153
5,-12,-5,149
5,10,8,195
5,-12,5,173
5,-5,-12,154
5,-5,12,191
5,0,-13,148
5,0,13,188
5,5,-12,166
5,5,12,182
5,12,-5,177
5,12,5,180
5,-13,-1,166
5,-13,1,160
5,13,0,236
5,-11,-7,184
5,-11,7,194
5,-7,-11,186
5,-7,11,203
5,-1,-13,207
5,1,-13,187
5,-1,13,218
5,1,13,185
5,7,-11,169
5,11,-7,171
5,7,11,194
5,11,7,189
5,13,-1,186
5,-13,-2,149
5,13,1,189
5,-13,2,153
5,-2,-13,157
5,2,-13,170
5,-2,13,187
5,13,-2,177
5,2,13,189
5,13,2,190
5,-13,-3,155
5,-13,3,172
5,-3,-13,167
5,3,-13,164
5,-3,13,184
5,3,13,182
5,13,-3,187
5,-12,-6,149
5,13,3,191
5,-12,6,171
5,-6,-12,166
5,6,-12,161
5,-6,12,170
5,12,-6,183
5,6,12,197
5,-10,-9,150
5,-9,-10,140
5,-10,9,171
5,12,6,201
5,-9,10,173
5,9,-10,168
5,10,-9,177
5,9,10,201
5,-13,-4,153
5,-13,4,161
5,-11,-8,154
5,10,9,199
5,-8,-11,146
5,-11,8,160
5,-4,-13,167
5,-8,11,179
5,-4,13,186
5,4,-13,179
5,8,-11,172
5,4,13,190
5,11,-8,167
5,8,11,182
5,11,8,198
5,13,-4,196
5,13,4,186
5,-12,-7,194
5,-12,7,215
5,-7,-12,205
5,-13,-5,131
5,7,-12,205
5,-13,5,100
5,-7,12,260
5,12,-7,231
5,-5,-13,131
5,7,12,242
5,12,7,222
5,-5,13,142
5,5,-13,146
5,5,13,193
5,13,-5,146
5,-14,0,155
5,13,5,163
5,0,-14,155
5,-14,-1,173
5,0,14,189
5,14,0,190
5,-14,1,153
5,-1,-14,164
5,1,-14,158
5,-1,14,174
5,1,14,188
5,14,-1,191
5,-14,-2,157
5,14,1,191
5,-14,2,162
5,-10,-10,155
5,-10,10,160
5,-2,-14,143
5,2,-14,145
5,-2,14,174
5,10,-10,158
5,2,14,187
5,-11,-9,149
5,14,-2,183
5,14,2,186
5,10,10,201
5,-9,-11,154
5,-11,9,168
5,-9,11,169
5,9,-11,174
5,11,-9,160
5,-14,-3,154
5,9,11,195
5,-14,3,154
5,-13,-6,155
5,11,9,189
5,-13,6,171
5,-6,-13,166
5,-6,13,177
5,-3,-14,157
5,-3,14,182
5,3,-14,171
5,6,-13,173
5,3,14,182
5,13,-6,157
5,6,13,198
5,13,6,184
5,14,-3,181
5,-12,-8,143
5,14,3,181
5,-8,-12,145
5,-12,8,159
5,-8,12,166
5,8,-12,165
5,-14,-4,152
5,12,-8,177
5,8,12,207
5,-14,4,156
5,12,8,204
5,-4,-14,158
5,4,-14,163
5,-4,14,180
5,4,14,195
5,14,-4,190
5,14,4,169
5,-7,13,223
5,-13,-7,258
5,-13,7,251
5,-7,-13,238
5,7,-13,226
5,-14,-5,142
5,-14,5,161
5,7,13,262
5,13,-7,254
5,-11,-10,127
5,13,7,254
5,-10,-11,128
5,-11,10,170
5,-5,-14,170
5,-10,11,179
5,-5,14,203
5,5,-14,194
5,10,-11,218
5,5,14,232
5,11,-10,185
5,10,11,232
5,14,-5,173
5,11,10,193
5,-15,0,157
5,-12,-9,135
5,14,5,196
5,-12,9,153
5,-9,-12,134
5,0,-15,156
5,-9,12,167
5,0,15,181
5,9,-12,184
5,12,-9,185
5,9,12,199
5,-15,-1,158
5,15,0,181
5,12,9,206
5,-15,1,147
5,-1,-15,147
5,1,-15,167
5,-1,15,204
5,1,15,174
5,-15,-2,156
5,15,-1,191
5,-15,2,169
5,15,1,191
5,-2,-15,163
5,-2,15,173
5,2,-15,163
5,2,15,187
5,15,-2,184
5,15,2,186
5,-14,-6,167
5,-14,6,213
5,-6,-14,220
5,-13,-8,92
5,6,-14,239
5,-8,-13,88
5,14,-6,192
5,-13,8,96
5,-6,14,305
5,6,14,281
5,14,6,178
5,-8,13,141
5,8,-13,155
5,8,13,193
5,13,-8,192
5,-15,-3,148
5,-3,-15,148
5,-15,3,158
5,13,8,234
5,-3,15,184
5,3,-15,178
5,3,15,170
5,15,-3,189
5,-15,-4,138
5,-4,-15,147
5,15,3,177
5,-15,4,162
5,4,-15,151
5,-4,15,186
5,4,15,176
5,15,-4,179
5,-11,-11,143
5,15,4,199
5,-11,11,159
5,-12,-10,152
5,11,-11,179
5,-10,-12,148
5,11,11,199
5,-12,10,172
5,-10,12,174
5,10,-12,182
5,12,-10,175
5,10,12,197
5,-14,-7,154
5,12,10,200
5,-14,7,156
5,-7,-14,155
5,7,-14,160
5,-7,14,186
5,7,14,183
5,14,-7,170
5,-15,-5,147
5,14,7,200
5,-13,-9,152
5,-15,5,162
5,-13,9,160
5,-9,-13,158
5,-5,-15,143
5,-9,13,156
5,5,-15,148
5,-5,15,187
5,9,-13,154
5,5,15,194
5,13,-9,185
5,9,13,201
5,15,-5,193
5,-16,0,166
5,13,9,210
5,15,5,195
5,0,-16,176
5,0,16,186
5,-16,-1,152
5,16,0,187
5,-16,1,158
5,-1,-16,154
5,1,-16,154
5,-1,16,175
5,1,16,194
5,16,-1,190
5,16,1,183
5,-16,-2,169
5,-16,2,168
5,-14,-8,148
5,-8,-14,151
5,-14,8,166
5,-8,14,178
5,-2,-16,166
5,2,-16,157
5,-2,16,187
5,8,-14,193
5,2,16,231
5,14,-8,210
5,8,14,224
5,14,8,217
5,16,-2,231
5,-15,-6,190
5,16,2,213
5,-15,6,188
5,-6,-15,173
5,-6,15,166
5,6,-15,157
5,6,15,190
5,15,-6,185
5,-16,-3,150
5,-16,3,151
5,15,6,173
5,-12,-11,144
5,-11,-12,137
5,-12,11,158
5,-11,12,181
5,-3,-16,177
5,3,-16,145
5,-3,16,179
5,3,16,195
5,11,-12,190
5,12,-11,189
5,12,11,193
5,16,-3,173
5,11,12,212
5,-13,-10,135
5,16,3,176
5,-13,10,165
5,-10,-13,150
5,10,-13,168
5,-10,13,182
5,-16,-4,161
5,10,13,189
5,13,-10,181
5,13,10,199
5,-16,4,162
5,-4,-16,142
5,4,-16,167
5,-4,16,183
5,4,16,186
5,-15,-7,167
5,16,-4,190
5,-7,-15,149
5,-15,7,164
5,16,4,192
5,7,-15,148
5,-7,15,169
5,7,15,165
5,15,-7,169
5,-14,-9,141
5,-9,-14,148
5,15,7,172
5,-14,9,158
5,-9,14,165
5,9,-14,160
5,14,-9,183
5,9,14,197
5,-16,-5,149
5,14,9,188
5,-16,5,158
5,-5,-16,145
5,5,-16,148
5,-5,16,184
5,5,16,186
5,16,-5,178
5,-12,-12,155
5,16,5,177
5,-12,12,177
5,12,-12,175
5,-17,0,158
5,-15,-8,148
5,12,12,211
5,-15,8,164
5,-8,-15,152
5,0,-17,148
5,-8,15,179
5,0,17,191
5,8,-15,160
5,8,15,192
5,15,8,205
5,15,-8,230
5,-17,-1,194
5,-13,-11,183
5,-17,1,199
5,17,0,240
5,-13,11,196
5,-11,-13,179
5,-11,13,198
5,-1,-17,162
5,-1,17,166
5,1,-17,156
5,1,17,175
5,11,-13,168
5,11,13,193
5,13,-11,167
5,17,-1,173
5,13,11,209
5,17,1,183
5,-16,-6,152
5,-6,-16,132
5,-16,6,161
5,6,-16,155
5,-6,16,178
5,16,-6,180
5,-17,-2,150
5,6,16,201
5,-2,-17,146
5,-17,2,157
5,16,6,185
5,2,-17,145
5,-2,17,181
5,2,17,170
5,17,-2,185
5,-14,-10,139
5,-10,-14,144
5,17,2,171
5,-14,10,163
5,-10,14,184
5,10,-14,178
5,14,-10,161
5,10,14,186
5,-17,-3,145
5,14,10,196
5,-17,3,160
5,-3,-17,151
5,3,-17,171
5,-3,17,194
5,17,-3,168
5,3,17,187
5,-17,-4,156
5,17,3,198
5,-17,4,161
5,-16,-7,155
5,-16,7,154
5,-7,-16,153
5,-4,-17,138
5,-7,16,164
5,-4,17,184
5,4,-17,174
5,7,-16,155
5,4,17,178
5,7,16,179
5,16,-7,190
5,17,-4,189
5,16,7,199
5,-15,-9,153
5,17,4,170
5,-9,-15,144
5,-15,9,160
5,-9,15,162
5,9,-15,159
5,9,15,173
5,-13,-12,150
5,-12,-13,139
5,15,-9,171
5,-13,12,164
5,15,9,192
5,-12,13,164
5,12,-13,163
5,13,-12,174
5,12,13,188
5,-17,-5,136
5,-17,5,155
5,-5,-17,154
5,13,12,236
5,5,-17,192
5,-5,17,206
5,5,17,216
5,17,-5,210
5,-14,-11,182
5,17,5,208
5,-14,11,207
5,-11,-14,183
5,-11,14,196
5,11,-14,157
5,14,-11,167
5,11,14,183
5,-16,-8,143
5,-16,8,153
5,14,11,193
5,-8,-16,153
5,-8,16,175
5,8,-16,178
5,16,-8,174
5,8,16,192
5,-18,0,160
5,0,-18,154
5,16,8,206
5,0,18,177
5,18,0,188
5,-18,-1,192
5,-17,-6,151
5,-15,-10,145
5,-17,6,162
5,-10,-15,133
5,-15,10,154
5,-18,1,239
5,-10,15,158
5,-6,-17,153
5,-6,17,160
5,-1,-18,183
5,6,-17,155
5,1,-18,180
5,10,-15,141
5,-1,18,236
5,6,17,173
5,1,18,244
5,10,15,209
5,15,-10,196
5,15,10,205
5,17,-6,193
5,17,6,198
5,-18,-2,178
5,-18,2,157
5,-2,-18,153
5,2,-18,145
5,18,-1,241
5,-2,18,176
5,18,1,272
5,2,18,159
5,18,-2,173
5,-18,-3,137
5,18,2,174
5,-18,3,150
5,-3,-18,165
5,3,-18,157
5,-3,18,177
5,3,18,191
5,18,-3,178
5,-16,-9,157
5,18,3,193
5,-16,9,170
5,-9,-16,161
5,-9,16,179
5,9,-16,163
5,16,-9,171
5,9,16,190
5,-17,-7,136
5,-17,7,162
5,16,9,195
5,-13,-13,154
5,-13,13,161
5,-7,-17,156
5,7,-17,148
5,-7,17,166
5,13,-13,177
5,7,17,198
5,13,13,194
5,-18,-4,151
5,17,-7,170
5,17,7,177
5,-14,-12,148
5,-18,4,158
5,-12,-14,137
5,-14,12,161
5,-4,-18,151
5,-12,14,168
5,4,-18,158
5,-4,18,168
5,12,-14,175
5,4,18,196
5,14,-12,161
5,12,14,196
5,14,12,186
5,18,-4,185
5,-15,-11,142
5,18,4,185
5,-11,-15,149
5,-15,11,164
5,11,-15,161
5,-11,15,174
5,11,15,187
5,-18,-5,151
5,15,-11,194
5,-18,5,155
5,15,11,198
5,-5,-18,148
5,5,-18,183
5,-5,18,224
5,18,-5,206
5,5,18,217
5,-17,-8,192
5,-17,8,184
5,-8,-17,181
5,18,5,227
5,-8,17,191
5,8,-17,197
5,17,-8,170
5,8,17,206
5,-16,-10,143
5,-10,-16,152
5,-16,10,174
5,17,8,200
5,-10,16,162
5,10,-16,156
5,10,16,176
5,16,-10,178
5,-18,-6,144
5,-18,6,153
5,16,10,193
5,-6,-18,142
5,6,-18,147
5,-6,18,177
5,18,-6,173
5,6,18,203
5,-19,0,162
5,18,6,198
5,0,-19,162
5,-19,-1,157
5,0,19,188
5,-19,1,162
5,19,0,189
5,-1,-19,153
5,1,-19,156
5,-1,19,184
5,1,19,180
5,19,-1,185
5,19,1,190
5,-19,-2,152
5,-14,-13,136
5,-19,2,161
5,-13,-14,140
5,-14,13,165
5,-2,-19,143
5,-13,14,159
5,2,-19,142
5,-2,19,188
5,13,-14,168
5,2,19,177
5,14,-13,168
5,13,14,201
5,-15,-12,148
5,14,13,209
5,19,-2,194
5,19,2,170
5,-12,-15,143
5,-15,12,157
5,12,-15,149
5,-12,15,160
5,15,-12,160
5,12,15,197
5,-19,-3,159
5,-19,3,152
5,-17,-9,145
5,15,12,173
5,-17,9,147
5,-9,-17,143
5,-3,-19,139
5,-9,17,180
5,3,-19,138
5,-3,19,155
5,9,-17,164
5,3,19,197
5,17,-9,180
5,9,17,195
5,19,-3,175
5,17,9,193
5,-18,-7,151
5,19,3,195
5,-18,7,158
5,-7,-18,151
5,-7,18,176
5,7,-18,153
5,7,18,173
5,-19,-4,146
5,18,-7,170
5,18,7,172
5,-19,4,194
5,-16,-11,190
5,-11,-16,177
5,-16,11,199
5,-4,-19,168
5,-11,16,198
5,4,-19,186
5,-4,19,206
5,11,-16,199
5,4,19,231
5,16,-11,169
5,11,16,189
5,16,11,189
5,19,-4,180
5,-19,-5,160
5,-19,5,143
5,19,4,187
5,-5,-19,147
5,-5,19,167
5,5,-19,159
5,19,-5,168
5,-18,-8,137
5,5,19,195
5,19,5,182
5,-8,-18,151
5,-18,8,162
5,8,-18,149
5,-8,18,165
5,8,18,177
5,18,-8,171
5,-17,-10,150
5,-10,-17,147
5,18,8,177
5,-17,10,163
5,-10,17,162
5,10,-17,161
5,17,-10,173
5,10,17,202
5,-14,-14,144
5,17,10,189
5,-14,14,161
5,14,-14,155
5,-15,-13,145
5,-13,-15,136
5,-15,13,164
5,14,14,203
5,-13,15,160
5,13,-15,172
5,15,-13,158
5,13,15,200
5,-19,-6,146
5,-19,6,152
5,-6,-19,151
5,15,13,188
5,6,-19,154
5,-6,19,176
5,6,19,179
5,19,-6,181
5,-16,-12,142
5,-20,0,152
5,-12,-16,139
5,19,6,172
5,-16,12,159
5,-12,16,153
5,0,-20,122
5,12,-16,124
5,16,-12,78
5,12,16,103
5,16,12,69
