Seed,X Position,Y Position,ElapsedTime(ms),Min,39
1,0,0,509,Max,533
1,-1,0,39,,
1,0,-1,108,Median,161
1,0,1,156,95th Percentile,213
1,-1,-1,149,99th Percentile,350.24
1,1,0,180,Average,166.0355378
1,-1,1,180,,
1,1,-1,183,,
1,-2,0,164,,
1,1,1,181,,
1,0,-2,166,,
1,0,2,215,,
1,2,0,180,,
1,-2,-1,169,,
1,-1,-2,159,,
1,-2,1,189,,
1,-1,2,187,,
1,1,-2,197,,
1,1,2,198,,
1,2,-1,195,,
1,-2,-2,142,,
1,2,1,206,,
1,-2,2,174,,
1,2,-2,171,,
1,-3,0,153,,
1,2,2,188,,
1,0,-3,146,,
1,-3,-1,147,,
1,-3,1,150,,
1,-1,-3,152,,
1,0,3,181,,
1,3,0,182,,
1,-1,3,186,,
1,1,-3,151,,
1,1,3,181,,
1,-3,-2,144,,
1,3,-1,166,,
1,-2,-3,129,,
1,3,1,172,,
1,-3,2,171,,
1,-2,3,159,,
1,2,-3,155,,
1,2,3,195,,
1,3,-2,200,,
1,-4,0,172,,
1,0,-4,176,,
1,3,2,201,,
1,-4,-1,173,,
1,-1,-4,164,,
1,0,4,204,,
1,4,0,195,,
1,-4,1,182,,
1,1,-4,158,,
1,-1,4,170,,
1,4,-1,156,,
1,1,4,182,,
1,-3,-3,146,,
1,4,1,160,,
1,3,-3,153,,
1,-3,3,158,,
1,-4,-2,149,,
1,3,3,184,,
1,-2,-4,143,,
1,-4,2,158,,
1,2,-4,148,,
1,-5,0,138,,
1,-2,4,169,,
1,-4,-3,142,,
1,4,-2,163,,
1,2,4,177,,
1,4,2,185,,
1,-4,3,157,,
1,-3,-4,137,,
1,-3,4,157,,
1,0,-5,157,,
1,3,-4,159,,
1,0,5,175,,
1,4,-3,163,,
1,3,4,183,,
1,-5,-1,151,,
1,4,3,188,,
1,5,0,177,,
1,-5,1,156,,
1,-1,-5,141,,
1,-1,5,171,,
1,1,-5,153,,
1,-5,-2,145,,
1,1,5,180,,
1,5,-1,177,,
1,-2,-5,136,,
1,5,1,168,,
1,-5,2,154,,
1,-2,5,158,,
1,2,-5,154,,
1,-4,-4,128,,
1,5,-2,164,,
1,2,5,185,,
1,-4,4,158,,
1,-5,-3,145,,
1,5,2,174,,
1,4,-4,161,,
1,-5,3,141,,
1,4,4,191,,
1,-3,-5,143,,
1,-3,5,186,,
1,3,-5,182,,
1,3,5,193,,
1,5,-3,188,,
1,0,-6,179,,
1,-6,0,184,,
1,5,3,194,,
1,-6,-1,178,,
1,0,6,201,,
1,6,0,202,,
1,-1,-6,145,,
1,-6,1,151,,
1,1,-6,147,,
1,-1,6,172,,
1,1,6,181,,
1,6,-1,178,,
1,-6,-2,146,,
1,6,1,180,,
1,-2,-6,140,,
1,-6,2,152,,
1,2,-6,135,,
1,-2,6,178,,
1,2,6,171,,
1,-5,-4,131,,
1,-4,-5,144,,
1,6,-2,172,,
1,6,2,166,,
1,-5,4,166,,
1,-4,5,166,,
1,4,-5,161,,
1,4,5,192,,
1,5,-4,166,,
1,-6,-3,143,,
1,-6,3,155,,
1,-3,-6,151,,
1,5,4,169,,
1,3,-6,155,,
1,-3,6,171,,
1,6,-3,180,,
1,3,6,191,,
1,-7,0,150,,
1,6,3,167,,
1,0,-7,145,,
1,-7,-1,148,,
1,-7,1,146,,
1,0,7,169,,
1,-5,-5,140,,
1,7,0,170,,
1,-5,5,127,,
1,-1,-7,142,,
1,-1,7,148,,
1,1,-7,136,,
1,-6,-4,111,,
1,1,7,157,,
1,5,-5,136,,
1,-4,-6,108,,
1,7,1,149,,
1,7,-1,154,,
1,5,5,160,,
1,-6,4,143,,
1,-4,6,142,,
1,4,-6,139,,
1,-7,-2,120,,
1,-7,2,116,,
1,6,-4,137,,
1,4,6,161,,
1,-2,-7,144,,
1,6,4,185,,
1,2,-7,163,,
1,-2,7,178,,
1,2,7,183,,
1,-7,-3,159,,
1,-3,-7,132,,
1,7,-2,190,,
1,-7,3,164,,
1,7,2,185,,
1,-3,7,141,,
1,3,-7,129,,
1,7,-3,140,,
1,3,7,160,,
1,-6,-5,116,,
1,-5,-6,112,,
1,-6,5,135,,
1,7,3,147,,
1,-5,6,137,,
1,5,-6,139,,
1,6,-5,129,,
1,5,6,168,,
1,-8,0,137,,
1,6,5,151,,
1,0,-8,131,,
1,0,8,154,,
1,-8,1,123,,
1,-8,-1,135,,
1,-7,-4,119,,
1,8,0,147,,
1,-7,4,138,,
1,-4,-7,124,,
1,-1,-8,123,,
1,-4,7,138,,
1,1,-8,112,,
1,-1,8,145,,
1,4,-7,136,,
1,1,8,151,,
1,7,-4,146,,
1,4,7,152,,
1,-8,-2,125,,
1,7,4,159,,
1,8,-1,143,,
1,8,1,151,,
1,-8,2,124,,
1,-2,-8,125,,
1,2,-8,114,,
1,-2,8,153,,
1,2,8,145,,
1,-6,-6,112,,
1,8,-2,153,,
1,8,2,146,,
1,-6,6,140,,
1,6,-6,133,,
1,-8,-3,113,,
1,6,6,145,,
1,-8,3,132,,
1,-3,-8,131,,
1,3,-8,122,,
1,-3,8,144,,
1,3,8,137,,
1,-7,-5,121,,
1,8,-3,129,,
1,8,3,160,,
1,-7,5,137,,
1,-5,-7,124,,
1,-5,7,138,,
1,5,-7,131,,
1,-8,-4,146,,
1,7,-5,167,,
1,5,7,188,,
1,-8,4,154,,
1,-4,-8,140,,
1,7,5,196,,
1,4,-8,157,,
1,-4,8,171,,
1,4,8,171,,
1,8,-4,161,,
1,-9,0,115,,
1,0,-9,134,,
1,8,4,153,,
1,-9,-1,119,,
1,0,9,168,,
1,9,0,158,,
1,-9,1,128,,
1,-1,-9,132,,
1,-1,9,141,,
1,1,-9,137,,
1,-9,-2,120,,
1,9,-1,138,,
1,1,9,152,,
1,9,1,148,,
1,-7,-6,113,,
1,-9,2,119,,
1,-6,-7,119,,
1,-7,6,145,,
1,-6,7,131,,
1,-2,-9,130,,
1,2,-9,117,,
1,-2,9,133,,
1,2,9,152,,
1,6,-7,146,,
1,7,-6,145,,
1,6,7,159,,
1,7,6,149,,
1,9,-2,152,,
1,-8,-5,112,,
1,9,2,150,,
1,-5,-8,123,,
1,-8,5,139,,
1,5,-8,130,,
1,-5,8,142,,
1,8,-5,141,,
1,5,8,153,,
1,-9,-3,119,,
1,8,5,149,,
1,-9,3,140,,
1,-3,-9,123,,
1,3,-9,130,,
1,-3,9,151,,
1,3,9,149,,
1,9,-3,141,,
1,-9,-4,119,,
1,-9,4,120,,
1,-4,-9,112,,
1,9,3,149,,
1,-4,9,139,,
1,4,-9,132,,
1,4,9,156,,
1,9,-4,138,,
1,-7,-7,119,,
1,-7,7,138,,
1,7,-7,138,,
1,9,4,155,,
1,-10,0,133,,
1,7,7,152,,
1,-8,-6,112,,
1,-8,6,137,,
1,-6,-8,115,,
1,-6,8,167,,
1,0,-10,152,,
1,6,-8,147,,
1,0,10,157,,
1,8,-6,169,,
1,6,8,182,,
1,10,0,168,,
1,8,6,179,,
1,-10,-1,144,,
1,-10,1,148,,
1,-1,-10,115,,
1,-1,10,149,,
1,1,-10,138,,
1,1,10,138,,
1,-10,-2,122,,
1,10,-1,140,,
1,-10,2,126,,
1,-2,-10,131,,
1,10,1,150,,
1,-2,10,151,,
1,2,-10,134,,
1,2,10,142,,
1,10,-2,149,,
1,-9,5,112,,
1,-9,-5,123,,
1,-5,-9,114,,
1,10,2,135,,
1,-5,9,139,,
1,5,-9,135,,
1,9,-5,145,,
1,5,9,155,,
1,-3,-10,120,,
1,9,5,147,,
1,-10,3,132,,
1,-10,-3,139,,
1,3,-10,118,,
1,-3,10,149,,
1,10,-3,143,,
1,3,10,151,,
1,-8,-7,129,,
1,10,3,141,,
1,-7,-8,108,,
1,-8,7,144,,
1,-7,8,141,,
1,7,-8,146,,
1,7,8,158,,
1,-10,-4,114,,
1,8,-7,152,,
1,8,7,152,,
1,-10,4,124,,
1,-4,-10,121,,
1,-4,10,140,,
1,4,-10,132,,
1,4,10,158,,
1,10,-4,149,,
1,10,4,156,,
1,-9,-6,168,,
1,6,-9,250,,
1,-11,0,162,,
1,-9,6,325,,
1,-6,-9,306,,
1,0,-11,177,,
1,0,11,187,,
1,9,6,230,,
1,-6,9,337,,
1,6,9,325,,
1,9,-6,302,,
1,-11,-1,91,,
1,11,0,137,,
1,-11,1,112,,
1,-1,-11,126,,
1,-1,11,159,,
1,1,-11,160,,
1,1,11,183,,
1,11,-1,181,,
1,-11,-2,161,,
1,11,1,173,,
1,-11,2,161,,
1,-10,-5,147,,
1,-5,-10,116,,
1,-10,5,149,,
1,-2,-11,123,,
1,-5,10,144,,
1,2,-11,126,,
1,-2,11,160,,
1,2,11,150,,
1,5,-10,143,,
1,5,10,153,,
1,10,-5,141,,
1,10,5,147,,
1,11,-2,154,,
1,-8,-8,118,,
1,11,2,141,,
1,-8,8,137,,
1,8,-8,128,,
1,-11,-3,121,,
1,-9,-7,129,,
1,8,8,161,,
1,-11,3,141,,
1,-7,-9,113,,
1,-9,7,136,,
1,-3,-11,109,,
1,-7,9,143,,
1,-3,11,133,,
1,3,-11,114,,
1,3,11,159,,
1,7,-9,131,,
1,9,-7,131,,
1,7,9,152,,
1,9,7,148,,
1,11,-3,143,,
1,-10,-6,111,,
1,11,3,155,,
1,-6,-10,117,,
1,-10,6,134,,
1,-6,10,127,,
1,6,-10,126,,
1,-11,-4,119,,
1,10,-6,129,,
1,6,10,153,,
1,-11,4,126,,
1,-4,-11,118,,
1,10,6,150,,
1,4,-11,116,,
1,-4,11,132,,
1,11,-4,126,,
1,4,11,137,,
1,0,-12,128,,
1,-12,0,137,,
1,11,4,147,,
1,-12,-1,125,,
1,0,12,136,,
1,-12,1,118,,
1,12,0,146,,
1,-9,-8,118,,
1,-8,-9,100,,
1,-9,8,140,,
1,-1,-12,119,,
1,-8,9,130,,
1,1,-12,118,,
1,-1,12,147,,
1,8,-9,132,,
1,1,12,148,,
1,8,9,146,,
1,9,-8,135,,
1,9,8,155,,
1,12,-1,133,,
1,-11,-5,109,,
1,-11,5,129,,
1,12,1,175,,
1,-5,-11,151,,
1,-5,11,165,,
1,5,-11,159,,
1,5,11,173,,
1,11,-5,169,,
1,11,5,164,,
1,-12,-2,164,,
1,-2,-12,127,,
1,-12,2,165,,
1,2,-12,118,,
1,-2,12,134,,
1,-10,-7,113,,
1,2,12,148,,
1,12,-2,148,,
1,12,2,145,,
1,-7,-10,113,,
1,-10,7,126,,
1,-7,10,129,,
1,7,-10,137,,
1,7,10,153,,
1,10,-7,148,,
1,-12,-3,116,,
1,-12,3,132,,
1,10,7,148,,
1,-3,-12,111,,
1,3,-12,115,,
1,-3,12,132,,
1,12,-3,130,,
1,3,12,152,,
1,12,3,140,,
1,-11,-6,137,,
1,-11,6,134,,
1,-6,-11,115,,
1,6,-11,126,,
1,-6,11,133,,
1,11,-6,136,,
1,6,11,159,,
1,-12,-4,113,,
1,11,6,147,,
1,-4,-12,117,,
1,-12,4,124,,
1,4,-12,120,,
1,-4,12,134,,
1,12,-4,140,,
1,4,12,148,,
1,-9,-9,110,,
1,12,4,149,,
1,-9,9,136,,
1,9,-9,125,,
1,-10,-8,114,,
1,-8,-10,119,,
1,9,9,145,,
1,-10,8,139,,
1,8,-10,125,,
1,-8,10,136,,
1,8,10,153,,
1,10,-8,125,,
1,-12,-5,113,,
1,-13,0,127,,
1,10,8,150,,
1,-5,-12,112,,
1,-12,5,126,,
1,-5,12,135,,
1,0,-13,126,,
1,0,13,140,,
1,5,-12,132,,
1,12,-5,134,,
1,5,12,154,,
1,-13,-1,119,,
1,12,5,136,,
1,13,0,136,,
1,-13,1,116,,
1,-11,-7,112,,
1,-11,7,116,,
1,-7,-11,113,,
1,-7,11,127,,
1,-1,-13,120,,
1,1,-13,128,,
1,7,-11,131,,
1,-1,13,168,,
1,1,13,177,,
1,11,-7,166,,
1,7,11,177,,
1,11,7,174,,
1,13,-1,175,,
1,13,1,170,,
1,-13,-2,160,,
1,-2,-13,127,,
1,-13,2,147,,
1,2,-13,124,,
1,-2,13,143,,
1,2,13,148,,
1,13,-2,142,,
1,-13,-3,119,,
1,13,2,142,,
1,-13,3,121,,
1,-3,-13,123,,
1,3,-13,121,,
1,-3,13,131,,
1,13,-3,139,,
1,3,13,149,,
1,-12,-6,116,,
1,13,3,151,,
1,-12,6,135,,
1,-6,-12,131,,
1,-6,12,141,,
1,6,-12,133,,
1,12,-6,137,,
1,6,12,148,,
1,-10,-9,127,,
1,-10,9,134,,
1,12,6,148,,
1,-9,-10,117,,
1,-9,10,124,,
1,9,-10,142,,
1,9,10,139,,
1,10,-9,136,,
1,-13,-4,132,,
1,10,9,148,,
1,-13,4,124,,
1,-11,-8,114,,
1,-8,-11,111,,
1,-11,8,125,,
1,-4,-13,113,,
1,-8,11,138,,
1,4,-13,133,,
1,-4,13,145,,
1,8,-11,121,,
1,4,13,143,,
1,11,-8,143,,
1,8,11,152,,
1,13,-4,138,,
1,-12,-7,113,,
1,11,8,157,,
1,13,4,147,,
1,-7,-12,115,,
1,-12,7,126,,
1,-7,12,135,,
1,7,-12,140,,
1,12,-7,143,,
1,7,12,152,,
1,12,7,142,,
1,-13,5,273,,
1,-13,-5,312,,
1,-14,0,163,,
1,0,-14,160,,
1,-5,-13,309,,
1,5,-13,272,,
1,13,-5,234,,
1,5,13,319,,
1,0,14,99,,
1,-5,13,382,,
1,14,0,124,,
1,-14,-1,110,,
1,13,5,318,,
1,-14,1,120,,
1,-1,-14,112,,
1,1,-14,145,,
1,-1,14,161,,
1,1,14,167,,
1,14,-1,162,,
1,-14,-2,135,,
1,-10,-10,148,,
1,-14,2,171,,
1,14,1,186,,
1,-10,10,170,,
1,-2,-14,149,,
1,2,-14,129,,
1,-2,14,150,,
1,2,14,146,,
1,10,-10,149,,
1,10,10,148,,
1,14,-2,142,,
1,-11,-9,122,,
1,-9,-11,123,,
1,14,2,156,,
1,-11,9,145,,
1,-9,11,132,,
1,9,-11,129,,
1,11,-9,138,,
1,-14,-3,123,,
1,9,11,159,,
1,-14,3,140,,
1,-13,-6,122,,
1,11,9,155,,
1,-13,6,125,,
1,-6,-13,121,,
1,-3,-14,97,,
1,-6,13,125,,
1,3,-14,112,,
1,-3,14,141,,
1,6,-13,122,,
1,3,14,130,,
1,6,13,137,,
1,13,-6,135,,
1,14,-3,144,,
1,-12,-8,115,,
1,13,6,156,,
1,14,3,158,,
1,-12,8,135,,
1,-8,-12,114,,
1,-8,12,129,,
1,8,-12,127,,
1,-14,-4,112,,
1,8,12,141,,
1,12,-8,141,,
1,-14,4,117,,
1,12,8,139,,
1,-4,-14,119,,
1,4,-14,119,,
1,-4,14,130,,
1,-13,-7,109,,
1,4,14,146,,
1,14,-4,142,,
1,14,4,130,,
1,-13,7,125,,
1,-7,-13,121,,
1,7,-13,117,,
1,-7,13,141,,
1,13,-7,143,,
1,7,13,156,,
1,-14,-5,111,,
1,-14,5,120,,
1,-11,-10,115,,
1,13,7,140,,
1,-10,-11,120,,
1,-5,-14,98,,
1,-11,10,139,,
1,-10,11,139,,
1,5,-14,122,,
1,-5,14,139,,
1,5,14,135,,
1,10,-11,133,,
1,11,-10,124,,
1,10,11,154,,
1,-15,0,119,,
1,11,10,154,,
1,14,-5,144,,
1,14,5,144,,
1,-12,-9,119,,
1,-9,-12,114,,
1,-12,9,126,,
1,-9,12,163,,
1,0,-15,153,,
1,9,-12,143,,
1,0,15,156,,
1,12,-9,160,,
1,9,12,183,,
1,12,9,179,,
1,-15,-1,154,,
1,15,0,169,,
1,-15,1,151,,
1,-1,-15,115,,
1,-1,15,128,,
1,1,-15,130,,
1,1,15,133,,
1,-15,-2,116,,
1,15,-1,140,,
1,15,1,133,,
1,-15,2,128,,
1,-2,-15,119,,
1,2,-15,127,,
1,-2,15,145,,
1,2,15,143,,
1,15,-2,143,,
1,-14,-6,113,,
1,-14,6,112,,
1,15,2,147,,
1,-6,-14,111,,
1,-6,14,131,,
1,6,-14,131,,
1,6,14,145,,
1,14,-6,135,,
1,-13,-8,108,,
1,14,6,138,,
1,-13,8,122,,
1,-8,-13,118,,
1,8,-13,136,,
1,-8,13,146,,
1,8,13,146,,
1,13,-8,145,,
1,-15,-3,117,,
1,-15,3,120,,
1,13,8,131,,
1,-3,-15,112,,
1,3,-15,115,,
1,-3,15,145,,
1,3,15,144,,
1,15,-3,138,,
1,-15,-4,115,,
1,-15,4,128,,
1,-4,-15,122,,
1,4,-15,118,,
1,15,3,145,,
1,-4,15,128,,
1,4,15,138,,
1,15,-4,128,,
1,-11,-11,112,,
1,15,4,140,,
1,-11,11,128,,
1,-12,-10,107,,
1,-10,-12,99,,
1,11,-11,141,,
1,-12,10,137,,
1,11,11,149,,
1,-10,12,130,,
1,10,-12,124,,
1,10,12,155,,
1,12,-10,133,,
1,-14,-7,114,,
1,12,10,145,,
1,-14,7,136,,
1,-7,-14,124,,
1,-7,14,130,,
1,7,-14,133,,
1,7,14,149,,
1,14,-7,145,,
1,-15,-5,107,,
1,-15,5,113,,
1,14,7,132,,
1,-13,-9,110,,
1,-9,-13,115,,
1,-13,9,133,,
1,-5,-15,115,,
1,-9,13,145,,
1,5,-15,126,,
1,-5,15,136,,
1,5,15,170,,
1,9,-13,158,,
1,13,-9,158,,
1,9,13,182,,
1,13,9,170,,
1,15,-5,156,,
1,-16,0,148,,
1,15,5,175,,
1,0,-16,153,,
1,0,16,180,,
1,-16,-1,123,,
1,16,0,134,,
1,-1,-16,113,,
1,-16,1,126,,
1,1,-16,124,,
1,-1,16,149,,
1,16,-1,145,,
1,1,16,152,,
1,16,1,152,,
1,-16,2,114,,
1,-16,-2,124,,
1,-14,-8,120,,
1,-8,-14,111,,
1,-14,8,124,,
1,-8,14,132,,
1,-2,-16,126,,
1,2,-16,114,,
1,-2,16,140,,
1,8,-14,124,,
1,2,16,132,,
1,8,14,143,,
1,14,8,149,,
1,14,-8,160,,
1,16,-2,152,,
1,-15,-6,112,,
1,16,2,135,,
1,-15,6,130,,
1,-6,-15,112,,
1,6,-15,119,,
1,-6,15,149,,
1,6,15,135,,
1,15,-6,128,,
1,-16,-3,116,,
1,15,6,128,,
1,-16,3,121,,
1,-12,-11,108,,
1,-11,-12,100,,
1,-12,11,122,,
1,-11,12,116,,
1,-3,-16,102,,
1,3,-16,108,,
1,-3,16,136,,
1,3,16,137,,
1,11,-12,128,,
1,12,-11,122,,
1,11,12,138,,
1,16,-3,134,,
1,12,11,160,,
1,-13,-10,114,,
1,16,3,132,,
1,-10,-13,94,,
1,-13,10,124,,
1,10,-13,119,,
1,-10,13,128,,
1,13,-10,130,,
1,-16,-4,117,,
1,10,13,160,,
1,13,10,146,,
1,-16,4,130,,
1,-4,-16,120,,
1,4,-16,121,,
1,-4,16,138,,
1,4,16,128,,
1,16,-4,147,,
1,-15,-7,114,,
1,-7,-15,110,,
1,-15,7,120,,
1,16,4,139,,
1,-7,15,125,,
1,7,-15,121,,
1,15,-7,130,,
1,7,15,141,,
1,-14,-9,110,,
1,15,7,144,,
1,-14,9,116,,
1,-9,-14,116,,
1,9,-14,124,,
1,-9,14,136,,
1,14,-9,168,,
1,9,14,182,,
1,-16,-5,151,,
1,14,9,168,,
1,-5,-16,126,,
1,-16,5,156,,
1,-5,16,160,,
1,5,-16,155,,
1,5,16,178,,
1,-12,-12,113,,
1,16,-5,180,,
1,16,5,135,,
1,-12,12,132,,
1,12,-12,132,,
1,-17,0,120,,
1,-15,-8,102,,
1,-15,8,118,,
1,12,12,150,,
1,-8,-15,111,,
1,0,-17,120,,
1,-8,15,139,,
1,0,17,144,,
1,8,-15,121,,
1,15,-8,128,,
1,8,15,154,,
1,15,8,149,,
1,17,0,142,,
1,-13,-11,112,,
1,-13,11,118,,
1,-11,-13,146,,
1,-17,1,211,,
1,-11,13,153,,
1,-17,-1,249,,
1,-1,-17,194,,
1,11,-13,151,,
1,13,-11,156,,
1,11,13,166,,
1,1,-17,298,,
1,13,11,199,,
1,-16,-6,152,,
1,1,17,331,,
1,-16,6,134,,
1,17,-1,250,,
1,-6,-16,118,,
1,17,1,273,,
1,-1,17,413,,
1,-6,16,130,,
1,6,-16,116,,
1,6,16,136,,
1,16,-6,161,,
1,-17,-2,147,,
1,16,6,162,,
1,-2,-17,117,,
1,-17,2,126,,
1,2,-17,118,,
1,-2,17,152,,
1,2,17,148,,
1,17,-2,149,,
1,-14,-10,106,,
1,17,2,151,,
1,-10,-14,116,,
1,-14,10,137,,
1,10,-14,122,,
1,-10,14,138,,
1,14,-10,129,,
1,10,14,149,,
1,-17,-3,121,,
1,14,10,143,,
1,-17,3,117,,
1,-3,-17,108,,
1,3,-17,119,,
1,-3,17,139,,
1,3,17,139,,
1,17,-3,137,,
1,-17,-4,126,,
1,-17,4,123,,
1,17,3,140,,
1,-16,-7,117,,
1,-16,7,117,,
1,-7,-16,113,,
1,-4,-17,114,,
1,-7,16,128,,
1,-4,17,125,,
1,4,-17,118,,
1,7,-16,110,,
1,4,17,130,,
1,16,-7,123,,
1,7,16,132,,
1,17,-4,129,,
1,16,7,151,,
1,-15,-9,114,,
1,17,4,144,,
1,-15,9,121,,
1,-9,-15,118,,
1,-9,15,127,,
1,9,-15,125,,
1,15,-9,127,,
1,9,15,139,,
1,-13,-12,104,,
1,15,9,163,,
1,-13,12,140,,
1,-12,-13,140,,
1,-12,13,154,,
1,12,-13,160,,
1,13,-12,148,,
1,12,13,174,,
1,-17,-5,160,,
1,-5,-17,115,,
1,-17,5,164,,
1,13,12,189,,
1,5,-17,124,,
1,-5,17,142,,
1,5,17,137,,
1,17,-5,130,,
1,-14,-11,109,,
1,17,5,137,,
1,-14,11,115,,
1,-11,-14,113,,
1,-11,14,128,,
1,11,-14,125,,
1,14,-11,125,,
1,11,14,148,,
1,-16,-8,124,,
1,-16,8,126,,
1,-8,-16,110,,
1,14,11,159,,
1,-8,16,121,,
1,8,-16,119,,
1,8,16,127,,
1,16,-8,126,,
1,-18,0,117,,
1,16,8,142,,
1,0,-18,123,,
1,-18,-1,122,,
1,0,18,136,,
1,18,0,139,,
1,-17,-6,118,,
1,-18,1,125,,
1,-17,6,112,,
1,-15,-10,138,,
1,-10,-15,134,,
1,-15,10,172,,
1,-6,-17,150,,
1,-6,17,149,,
1,-1,-18,142,,
1,-10,15,183,,
1,1,-18,147,,
1,-1,18,169,,
1,1,18,146,,
1,6,-17,142,,
1,10,-15,137,,
1,6,17,166,,
1,15,-10,154,,
1,17,-6,140,,
1,10,15,167,,
1,17,6,139,,
1,18,-1,137,,
1,18,1,169,,
1,-18,-2,151,,
1,15,10,203,,
1,-18,2,117,,
1,-2,-18,138,,
1,2,-18,133,,
1,-2,18,150,,
1,18,-2,128,,
1,2,18,168,,
1,18,2,147,,
1,-18,-3,165,,
1,-3,-18,209,,
1,-18,3,231,,
1,-16,-9,121,,
1,-3,18,234,,
1,3,-18,212,,
1,-16,9,169,,
1,-9,-16,158,,
1,3,18,247,,
1,18,-3,282,,
1,-9,16,165,,
1,9,-16,153,,
1,18,3,278,,
1,16,-9,139,,
1,9,16,185,,
1,-17,-7,130,,
1,16,9,170,,
1,-17,7,152,,
1,-13,-13,147,,
1,-7,-17,117,,
1,-13,13,143,,
1,7,-17,127,,
1,-7,17,163,,
1,13,-13,124,,
1,7,17,150,,
1,-18,-4,112,,
1,17,-7,139,,
1,13,13,163,,
1,-18,4,120,,
1,17,7,148,,
1,-14,-12,112,,
1,-12,-14,98,,
1,-14,12,134,,
1,-12,14,116,,
1,-4,-18,115,,
1,4,-18,116,,
1,-4,18,133,,
1,12,-14,106,,
1,4,18,143,,
1,14,-12,127,,
1,12,14,139,,
1,-15,-11,100,,
1,14,12,156,,
1,18,-4,142,,
1,18,4,137,,
1,-11,-15,105,,
1,-15,11,126,,
1,-11,15,134,,
1,11,-15,127,,
1,15,-11,132,,
1,11,15,147,,
1,-18,-5,105,,
1,-5,-18,94,,
1,-18,5,118,,
1,15,11,142,,
1,-5,18,121,,
1,5,-18,123,,
1,5,18,134,,
1,18,-5,140,,
1,-17,-8,119,,
1,-17,8,117,,
1,18,5,137,,
1,-8,-17,106,,
1,-8,17,126,,
1,8,-17,127,,
1,17,-8,121,,
1,8,17,139,,
1,-16,-10,111,,
1,-10,-16,111,,
1,17,8,142,,
1,-16,10,123,,
1,-10,16,125,,
1,10,-16,125,,
1,10,16,132,,
1,16,-10,134,,
1,-18,-6,117,,
1,16,10,140,,
1,-18,6,105,,
1,-6,-18,113,,
1,6,-18,119,,
1,-6,18,139,,
1,18,-6,126,,
1,6,18,136,,
1,18,6,133,,
1,-19,0,122,,
1,0,-19,125,,
1,-19,-1,98,,
1,19,0,121,,
1,0,19,152,,
1,-19,1,118,,
1,-1,-19,121,,
1,1,-19,120,,
1,-1,19,129,,
1,1,19,134,,
1,19,-1,132,,
1,-19,-2,113,,
1,19,1,129,,
1,-19,2,106,,
1,-14,-13,98,,
1,-14,13,127,,
1,-13,-14,106,,
1,-2,-19,114,,
1,-13,14,121,,
1,2,-19,111,,
1,-2,19,131,,
1,13,-14,123,,
1,2,19,138,,
1,14,-13,132,,
1,13,14,157,,
1,19,-2,160,,
1,-15,-12,138,,
1,14,13,167,,
1,19,2,160,,
1,-15,12,144,,
1,-12,-15,147,,
1,-12,15,165,,
1,12,-15,159,,
1,12,15,179,,
1,15,-12,149,,
1,-19,-3,119,,
1,-19,3,115,,
1,-17,-9,112,,
1,15,12,143,,
1,-17,9,113,,
1,-9,-17,100,,
1,-9,17,119,,
1,-3,-19,122,,
1,3,-19,115,,
1,9,-17,112,,
1,-3,19,140,,
1,3,19,133,,
1,9,17,146,,
1,17,-9,139,,
1,19,-3,131,,
1,17,9,152,,
1,-18,-7,108,,
1,19,3,123,,
1,-18,7,102,,
1,-7,-18,110,,
1,-7,18,123,,
1,7,-18,125,,
1,7,18,138,,
1,18,-7,133,,
1,-16,-11,115,,
1,18,7,156,,
1,-16,11,122,,
1,-11,-16,109,,
1,-19,4,208,,
1,-11,16,148,,
1,-19,-4,240,,
1,4,-19,152,,
1,11,-16,156,,
1,-4,-19,239,,
1,16,-11,164,,
1,-4,19,234,,
1,11,16,188,,
1,16,11,152,,
1,4,19,288,,
1,19,-4,210,,
1,-19,-5,128,,
1,-19,5,133,,
1,-5,-19,123,,
1,19,4,227,,
1,5,-19,124,,
1,-5,19,157,,
1,5,19,159,,
1,19,-5,168,,
1,-18,-8,124,,
1,19,5,140,,
1,-18,8,132,,
1,-8,-18,131,,
1,-8,18,127,,
1,8,-18,121,,
1,8,18,149,,
1,18,-8,148,,
1,18,8,139,,
1,-17,-10,119,,
1,-17,10,128,,
1,-10,-17,119,,
1,-10,17,132,,
1,10,-17,133,,
1,17,-10,123,,
1,10,17,140,,
1,-14,-14,112,,
1,17,10,142,,
1,-14,14,132,,
1,14,-14,126,,
1,-15,-13,100,,
1,-13,-15,107,,
1,-15,13,135,,
1,-13,15,132,,
1,14,14,167,,
1,13,-15,133,,
1,13,15,151,,
1,15,-13,141,,
1,-19,-6,127,,
1,-6,-19,100,,
1,15,13,143,,
1,-19,6,131,,
1,-6,19,152,,
1,6,-19,151,,
1,19,-6,153,,
1,6,19,168,,
1,-20,0,146,,
1,-16,-12,140,,
1,19,6,163,,
1,-12,-16,138,,
1,-16,12,152,,
1,-12,16,147,,
1,0,-20,95,,
1,12,-16,89,,
1,16,-12,70,,
1,12,16,90,,
1,16,12,57,,
2,-1,0,105,,
2,0,0,111,,
2,0,-1,118,,
2,0,1,143,,
2,-1,-1,138,,
2,1,0,147,,
2,-1,1,149,,
2,-2,0,140,,
2,1,-1,150,,
2,1,1,164,,
2,0,-2,131,,
2,0,2,165,,
2,2,0,153,,
2,-2,-1,126,,
2,-1,-2,130,,
2,-2,1,143,,
2,-1,2,151,,
2,1,-2,151,,
2,1,2,163,,
2,2,-1,150,,
2,2,1,192,,
2,-3,0,155,,
2,0,-3,206,,
2,-3,-1,182,,
2,0,3,204,,
2,-2,-2,263,,
2,3,0,202,,
2,-2,2,298,,
2,-3,1,181,,
2,-1,-3,198,,
2,2,-2,406,,
2,2,2,397,,
2,1,-3,180,,
2,-1,3,205,,
2,-3,-2,136,,
2,1,3,207,,
2,3,-1,208,,
2,3,1,200,,
2,-3,2,176,,
2,-2,-3,136,,
2,2,-3,150,,
2,-2,3,162,,
2,2,3,169,,
2,0,-4,126,,
2,3,-2,148,,
2,-4,0,134,,
2,3,2,159,,
2,0,4,152,,
2,4,0,152,,
2,-4,-1,204,,
2,-1,-4,201,,
2,-3,-3,166,,
2,-4,1,264,,
2,-3,3,191,,
2,-1,4,285,,
2,1,-4,277,,
2,4,-1,271,,
2,3,-3,155,,
2,1,4,315,,
2,4,1,321,,
2,3,3,199,,
2,-4,-2,223,,
2,-4,2,229,,
2,-5,0,156,,
2,-4,-3,166,,
2,2,-4,322,,
2,2,4,333,,
2,-4,3,145,,
2,-3,-4,138,,
2,-2,-4,407,,
2,4,-2,350,,
2,-3,4,144,,
2,-2,4,406,,
2,0,-5,137,,
2,4,2,427,,
2,0,5,153,,
2,3,-4,155,,
2,4,-3,141,,
2,3,4,191,,
2,-5,-1,157,,
2,-5,1,161,,
2,4,3,185,,
2,-1,-5,175,,
2,5,0,189,,
2,-1,5,151,,
2,1,-5,136,,
2,1,5,156,,
2,5,-1,145,,
2,-5,-2,123,,
2,5,1,163,,
2,-5,2,129,,
2,-2,-5,126,,
2,2,-5,126,,
2,-2,5,138,,
2,5,-2,152,,
2,2,5,166,,
2,-4,-4,128,,
2,5,2,169,,
2,-4,4,151,,
2,4,-4,134,,
2,-5,-3,131,,
2,-5,3,130,,
2,-3,-5,127,,
2,4,4,165,,
2,-3,5,165,,
2,3,-5,155,,
2,3,5,191,,
2,5,-3,167,,
2,-6,0,165,,
2,0,-6,165,,
2,5,3,175,,
2,6,0,175,,
2,-6,-1,160,,
2,0,6,199,,
2,-1,-6,143,,
2,-6,1,155,,
2,1,-6,149,,
2,-1,6,176,,
2,-6,-2,141,,
2,1,6,186,,
2,-6,2,153,,
2,-2,-6,149,,
2,6,-1,188,,
2,6,1,188,,
2,2,-6,150,,
2,-2,6,176,,
2,-5,-4,131,,
2,2,6,183,,
2,6,-2,174,,
2,-4,-5,151,,
2,6,2,186,,
2,-5,4,162,,
2,4,-5,159,,
2,-4,5,168,,
2,5,-4,176,,
2,4,5,191,,
2,-6,-3,149,,
2,-3,-6,143,,
2,-6,3,156,,
2,3,-6,146,,
2,5,4,199,,
2,-3,6,179,,
2,6,-3,164,,
2,3,6,196,,
2,-7,0,156,,
2,0,-7,148,,
2,6,3,196,,
2,-7,-1,143,,
2,0,7,174,,
2,-5,-5,137,,
2,7,0,187,,
2,-7,1,155,,
2,-5,5,158,,
2,-1,-7,155,,
2,-1,7,183,,
2,1,-7,160,,
2,5,-5,168,,
2,1,7,188,,
2,7,-1,178,,
2,-6,-4,169,,
2,5,5,225,,
2,-4,-6,179,,
2,-6,4,188,,
2,7,1,221,,
2,4,-6,186,,
2,-4,6,194,,
2,4,6,210,,
2,6,-4,200,,
2,-7,-2,150,,
2,-2,-7,138,,
2,-7,2,147,,
2,2,-7,147,,
2,6,4,194,,
2,-2,7,165,,
2,7,-2,181,,
2,2,7,197,,
2,-7,-3,151,,
2,-3,-7,145,,
2,7,2,169,,
2,-7,3,175,,
2,3,-7,163,,
2,-3,7,182,,
2,7,-3,161,,
2,3,7,186,,
2,-6,-5,134,,
2,-5,-6,131,,
2,-6,5,176,,
2,7,3,198,,
2,-5,6,177,,
2,5,-6,176,,
2,6,-5,168,,
2,-8,0,160,,
2,5,6,205,,
2,6,5,202,,
2,0,-8,169,,
2,0,8,194,,
2,8,0,176,,
2,-7,-4,153,,
2,-4,-7,135,,
2,-7,4,169,,
2,-4,7,195,,
2,-8,-1,254,,
2,-8,1,258,,
2,-1,-8,215,,
2,4,-7,168,,
2,-1,8,264,,
2,1,-8,271,,
2,4,7,225,,
2,7,-4,224,,
2,1,8,276,,
2,7,4,196,,
2,-8,-2,166,,
2,8,-1,260,,
2,8,1,272,,
2,-2,-8,166,,
2,-8,2,207,,
2,2,-8,168,,
2,-2,8,201,,
2,2,8,199,,
2,-6,-6,149,,
2,8,-2,186,,
2,8,2,205,,
2,-6,6,149,,
2,-8,-3,134,,
2,6,-6,152,,
2,6,6,178,,
2,-8,3,148,,
2,-3,-8,138,,
2,3,-8,165,,
2,-3,8,173,,
2,3,8,187,,
2,8,-3,169,,
2,-7,-5,136,,
2,-7,5,162,,
2,8,3,182,,
2,-5,-7,138,,
2,-5,7,187,,
2,5,-7,172,,
2,-8,-4,135,,
2,7,-5,171,,
2,5,7,200,,
2,-8,4,181,,
2,-4,-8,148,,
2,7,5,195,,
2,4,-8,153,,
2,-4,8,173,,
2,4,8,169,,
2,8,-4,173,,
2,-9,0,159,,
2,0,-9,160,,
2,8,4,197,,
2,-9,-1,150,,
2,0,9,164,,
2,-9,1,148,,
2,-1,-9,164,,
2,9,0,191,,
2,1,-9,151,,
2,-1,9,176,,
2,1,9,174,,
2,-9,-2,153,,
2,9,-1,185,,
2,-9,2,164,,
2,-7,-6,158,,
2,9,1,184,,
2,-6,-7,141,,
2,-7,6,168,,
2,-2,-9,140,,
2,-6,7,161,,
2,-2,9,175,,
2,2,-9,150,,
2,2,9,171,,
2,6,-7,168,,
2,7,-6,171,,
2,6,7,202,,
2,7,6,199,,
2,9,-2,191,,
2,9,2,193,,
2,-8,-5,268,,
2,-9,-3,179,,
2,-9,3,210,,
2,-3,-9,142,,
2,5,-8,382,,
2,-5,-8,427,,
2,-3,9,163,,
2,-8,5,485,,
2,3,-9,144,,
2,-5,8,470,,
2,8,-5,455,,
2,3,9,128,,
2,8,5,462,,
2,5,8,533,,
2,9,-3,166,,
2,9,3,191,,
2,-9,-4,152,,
2,-9,4,170,,
2,-4,-9,163,,
2,-4,9,192,,
2,4,-9,178,,
2,9,4,165,,
2,4,9,225,,
2,9,-4,184,,
2,-7,-7,216,,
2,-10,0,187,,
2,-8,-6,153,,
2,-8,6,169,,
2,-6,-8,149,,
2,0,-10,184,,
2,-6,8,191,,
2,-7,7,327,,
2,7,7,298,,
2,7,-7,347,,
2,0,10,214,,
2,6,-8,169,,
2,6,8,195,,
2,8,-6,174,,
2,8,6,197,,
2,-10,-1,149,,
2,-10,1,135,,
2,10,0,166,,
2,-1,-10,153,,
2,-1,10,159,,
2,1,-10,176,,
2,1,10,196,,
2,10,-1,191,,
2,10,1,201,,
2,-10,2,166,,
2,-10,-2,172,,
2,-2,-10,172,,
2,2,-10,174,,
2,-2,10,196,,
2,2,10,205,,
2,10,-2,164,,
2,10,2,163,,
2,-9,-5,142,,
2,-5,-9,142,,
2,-9,5,160,,
2,-5,9,169,,
2,5,-9,163,,
2,5,9,179,,
2,9,-5,186,,
2,-10,-3,152,,
2,9,5,176,,
2,-3,-10,146,,
2,-10,3,153,,
2,3,-10,151,,
2,-3,10,172,,
2,3,10,172,,
2,10,-3,184,,
2,-8,-7,143,,
2,-7,-8,141,,
2,10,3,179,,
2,-8,7,160,,
2,7,-8,169,,
2,-7,8,187,,
2,8,-7,162,,
2,7,8,181,,
2,8,7,193,,
2,-9,-6,170,,
2,-9,6,145,,
2,-10,4,361,,
2,4,-10,328,,
2,-10,-4,375,,
2,-6,-9,85,,
2,10,-4,337,,
2,-4,-10,402,,
2,-4,10,417,,
2,4,10,419,,
2,10,4,386,,
2,-6,9,136,,
2,6,-9,141,,
2,6,9,170,,
2,9,-6,168,,
2,-11,0,153,,
2,9,6,171,,
2,0,-11,164,,
2,0,11,186,,
2,-11,-1,143,,
2,-1,-11,136,,
2,-11,1,143,,
2,11,0,155,,
2,-1,11,156,,
2,1,-11,144,,
2,11,-1,146,,
2,1,11,176,,
2,-11,-2,138,,
2,11,1,188,,
2,-11,2,149,,
2,-10,-5,145,,
2,-5,-10,137,,
2,-10,5,150,,
2,-2,-11,135,,
2,-5,10,166,,
2,2,-11,133,,
2,-2,11,168,,
2,2,11,168,,
2,5,-10,162,,
2,10,-5,171,,
2,5,10,179,,
2,11,-2,172,,
2,10,5,185,,
2,-8,-8,139,,
2,11,2,198,,
2,-8,8,159,,
2,8,-8,166,,
2,-11,-3,143,,
2,8,8,176,,
2,-9,-7,151,,
2,-11,3,160,,
2,-7,-9,143,,
2,-9,7,165,,
2,-3,-11,139,,
2,-7,9,187,,
2,-3,11,167,,
2,3,-11,145,,
2,3,11,168,,
2,7,-9,169,,
2,9,-7,159,,
2,7,9,173,,
2,9,7,177,,
2,11,-3,168,,
2,-10,-6,137,,
2,-6,-10,143,,
2,11,3,184,,
2,-10,6,164,,
2,-6,10,161,,
2,6,-10,160,,
2,-11,-4,149,,
2,10,-6,171,,
2,6,10,187,,
2,10,6,171,,
2,-11,4,157,,
2,-4,-11,134,,
2,4,-11,154,,
2,-4,11,170,,
2,4,11,170,,
2,11,-4,148,,
2,-12,0,154,,
2,0,-12,160,,
2,11,4,177,,
2,-12,-1,155,,
2,0,12,180,,
2,12,0,176,,
2,-12,1,134,,
2,-9,-8,126,,
2,-8,-9,134,,
2,-9,8,162,,
2,-8,9,144,,
2,-1,-12,182,,
2,1,-12,183,,
2,-1,12,198,,
2,8,-9,194,,
2,1,12,203,,
2,9,-8,197,,
2,8,9,225,,
2,9,8,201,,
2,12,-1,197,,
2,-11,-5,130,,
2,12,1,184,,
2,-5,-11,144,,
2,-11,5,161,,
2,5,-11,156,,
2,-5,11,164,,
2,11,-5,155,,
2,5,11,190,,
2,-12,-2,139,,
2,-12,2,152,,
2,11,5,188,,
2,-2,-12,157,,
2,2,-12,152,,
2,-2,12,174,,
2,-10,-7,137,,
2,2,12,181,,
2,12,-2,166,,
2,12,2,169,,
2,-10,7,146,,
2,-7,-10,146,,
2,-7,10,160,,
2,7,-10,159,,
2,7,10,179,,
2,10,-7,173,,
2,-12,-3,151,,
2,-12,3,154,,
2,-3,-12,155,,
2,10,7,186,,
2,3,-12,156,,
2,-3,12,184,,
2,3,12,170,,
2,12,-3,181,,
2,-11,-6,125,,
2,-6,-11,141,,
2,-11,6,156,,
2,12,3,191,,
2,-6,11,157,,
2,6,-11,163,,
2,6,11,179,,
2,11,-6,176,,
2,-12,-4,146,,
2,-12,4,159,,
2,11,6,184,,
2,-4,-12,138,,
2,4,-12,157,,
2,-4,12,171,,
2,4,12,175,,
2,12,-4,183,,
2,12,4,183,,
2,-10,-8,136,,
2,-9,-9,248,,
2,-8,-10,176,,
2,-10,8,186,,
2,-9,9,261,,
2,-8,10,175,,
2,8,-10,158,,
2,9,-9,257,,
2,9,9,275,,
2,10,-8,150,,
2,8,10,160,,
2,-12,-5,118,,
2,-13,0,135,,
2,10,8,150,,
2,-5,-12,129,,
2,-12,5,138,,
2,-5,12,191,,
2,0,-13,177,,
2,0,13,204,,
2,5,-12,190,,
2,5,12,207,,
2,-13,-1,161,,
2,12,-5,195,,
2,12,5,190,,
2,-13,1,172,,
2,13,0,193,,
2,-11,-7,125,,
2,-11,7,147,,
2,-7,-11,136,,
2,-7,11,165,,
2,-1,-13,151,,
2,1,-13,145,,
2,7,-11,154,,
2,-1,13,176,,
2,11,-7,164,,
2,1,13,193,,
2,7,11,190,,
2,11,7,172,,
2,13,-1,188,,
2,13,1,156,,
2,-13,-2,146,,
2,-13,2,145,,
2,-2,-13,141,,
2,2,-13,143,,
2,-2,13,168,,
2,2,13,176,,
2,13,-2,175,,
2,13,2,189,,
2,-13,-3,147,,
2,-3,-13,139,,
2,-13,3,160,,
2,3,-13,146,,
2,-3,13,187,,
2,3,13,170,,
2,13,-3,172,,
2,-12,-6,148,,
2,-6,-12,138,,
2,13,3,180,,
2,-12,6,159,,
2,-6,12,151,,
2,6,-12,154,,
2,6,12,180,,
2,12,-6,166,,
2,-10,-9,134,,
2,-9,-10,117,,
2,12,6,192,,
2,-10,9,178,,
2,-9,10,154,,
2,9,-10,156,,
2,10,-9,163,,
2,9,10,193,,
2,-13,-4,153,,
2,-13,4,149,,
2,-11,-8,139,,
2,10,9,182,,
2,-8,-11,140,,
2,-11,8,152,,
2,-8,11,155,,
2,-4,-13,142,,
2,-4,13,178,,
2,4,-13,158,,
2,8,-11,165,,
2,4,13,173,,
2,11,-8,180,,
2,8,11,194,,
2,11,8,171,,
2,-12,-7,147,,
2,13,-4,168,,
2,13,4,169,,
2,-7,-12,137,,
2,-12,7,149,,
2,7,-12,160,,
2,-7,12,179,,
2,12,-7,162,,
2,7,12,186,,
2,-13,-5,155,,
2,-13,5,157,,
2,12,7,174,,
2,-5,-13,154,,
2,-5,13,160,,
2,5,-13,159,,
2,5,13,169,,
2,-14,0,144,,
2,0,-14,143,,
2,13,-5,183,,
2,13,5,171,,
2,-14,-1,152,,
2,-14,1,155,,
2,0,14,206,,
2,-1,-14,182,,
2,14,0,226,,
2,1,-14,180,,
2,-1,14,202,,
2,1,14,195,,
2,14,-1,194,,
2,-14,-2,185,,
2,-10,-10,128,,
2,14,1,201,,
2,-14,2,148,,
2,-2,-14,149,,
2,-10,10,159,,
2,2,-14,151,,
2,-2,14,178,,
2,2,14,161,,
2,10,-10,156,,
2,-11,-9,143,,
2,-9,-11,135,,
2,14,-2,171,,
2,10,10,193,,
2,-11,9,157,,
2,14,2,176,,
2,-9,11,156,,
2,9,-11,166,,
2,-14,-3,139,,
2,11,-9,156,,
2,-14,3,147,,
2,-13,-6,141,,
2,9,11,191,,
2,-13,6,148,,
2,-6,-13,144,,
2,11,9,180,,
2,-3,-14,140,,
2,-6,13,169,,
2,3,-14,140,,
2,-3,14,169,,
2,6,-13,152,,
2,3,14,172,,
2,13,-6,181,,
2,6,13,188,,
2,14,-3,180,,
2,13,6,189,,
2,-12,-8,145,,
2,-12,8,144,,
2,14,3,171,,
2,-8,-12,141,,
2,-8,12,179,,
2,8,-12,165,,
2,-14,-4,141,,
2,12,-8,157,,
2,8,12,181,,
2,12,8,180,,
2,-14,4,129,,
2,-4,-14,147,,
2,4,-14,150,,
2,-4,14,174,,
2,-13,-7,135,,
2,14,-4,166,,
2,4,14,179,,
2,14,4,174,,
2,-13,7,154,,
2,-7,-13,152,,
2,-7,13,166,,
2,7,-13,160,,
2,7,13,191,,
2,13,-7,177,,
2,-11,-10,129,,
2,-14,-5,148,,
2,-14,5,145,,
2,13,7,179,,
2,-10,-11,140,,
2,-11,10,151,,
2,-5,-14,142,,
2,-10,11,166,,
2,5,-14,146,,
2,-5,14,172,,
2,5,14,169,,
2,10,-11,171,,
2,11,-10,167,,
2,14,-5,160,,
2,10,11,192,,
2,11,10,185,,
2,-15,0,155,,
2,14,5,177,,
2,-12,-9,148,,
2,-9,-12,140,,
2,-12,9,159,,
2,0,-15,144,,
2,-9,12,187,,
2,9,-12,171,,
2,0,15,204,,
2,9,12,216,,
2,12,-9,197,,
2,12,9,215,,
2,15,0,200,,
2,-15,-1,183,,
2,-15,1,176,,
2,-1,-15,169,,
2,1,-15,143,,
2,-1,15,170,,
2,1,15,153,,
2,15,-1,165,,
2,-15,-2,144,,
2,15,1,185,,
2,-15,2,152,,
2,-2,-15,148,,
2,2,-15,148,,
2,-2,15,181,,
2,2,15,175,,
2,15,-2,173,,
2,15,2,173,,
2,-14,-6,127,,
2,-6,-14,135,,
2,-14,6,158,,
2,6,-14,149,,
2,-6,14,170,,
2,6,14,195,,
2,14,-6,169,,
2,-13,-8,139,,
2,14,6,172,,
2,-13,8,153,,
2,-8,-13,149,,
2,-8,13,152,,
2,8,-13,152,,
2,8,13,188,,
2,13,-8,166,,
2,-15,-3,150,,
2,-15,3,149,,
2,13,8,189,,
2,-3,-15,158,,
2,3,-15,151,,
2,-3,15,173,,
2,3,15,166,,
2,15,-3,165,,
2,-15,-4,157,,
2,-15,4,148,,
2,15,3,172,,
2,-4,-15,147,,
2,4,-15,152,,
2,-4,15,169,,
2,-11,-11,133,,
2,4,15,175,,
2,15,4,166,,
2,15,-4,176,,
2,-12,-10,139,,
2,11,-11,160,,
2,-11,11,170,,
2,-10,-12,137,,
2,-12,10,153,,
2,11,11,207,,
2,-10,12,162,,
2,10,-12,151,,
2,12,-10,174,,
2,10,12,191,,
2,-14,-7,158,,
2,12,10,179,,
2,-14,7,158,,
2,-7,-14,145,,
2,7,-14,148,,
2,-7,14,166,,
2,14,-7,158,,
2,7,14,181,,
2,-15,-5,139,,
2,14,7,185,,
2,-13,-9,128,,
2,-15,5,167,,
2,-9,-13,149,,
2,-13,9,159,,
2,-5,-15,140,,
2,-9,13,157,,
2,5,-15,153,,
2,-5,15,181,,
2,5,15,182,,
2,9,-13,147,,
2,9,13,181,,
2,13,-9,163,,
2,13,9,181,,
2,-16,0,160,,
2,15,-5,184,,
2,15,5,176,,
2,0,-16,181,,
2,0,16,204,,
2,-16,-1,169,,
2,16,0,196,,
2,-16,1,175,,
2,-1,-16,178,,
2,1,-16,174,,
2,-1,16,197,,
2,1,16,206,,
2,16,-1,210,,
2,16,1,176,,
2,-16,-2,149,,
2,-16,2,154,,
2,-14,-8,142,,
2,-8,-14,134,,
2,-14,8,149,,
2,-8,14,161,,
2,-2,-16,143,,
2,2,-16,139,,
2,-2,16,163,,
2,8,-14,154,,
2,2,16,184,,
2,8,14,194,,
2,14,-8,190,,
2,14,8,180,,
2,16,-2,175,,
2,-15,-6,127,,
2,-6,-15,146,,
2,16,2,189,,
2,-15,6,166,,
2,6,-15,147,,
2,-6,15,174,,
2,-16,-3,139,,
2,15,-6,162,,
2,-16,3,144,,
2,6,15,179,,
2,15,6,184,,
2,-12,-11,142,,
2,-11,-12,141,,
2,-12,11,161,,
2,-3,-16,133,,
2,-11,12,161,,
2,3,-16,140,,
2,-3,16,179,,
2,11,-12,147,,
2,3,16,179,,
2,12,-11,164,,
2,11,12,184,,
2,12,11,195,,
2,16,-3,182,,
2,-13,-10,142,,
2,16,3,184,,
2,-13,10,151,,
2,-10,-13,141,,
2,10,-13,148,,
2,-10,13,163,,
2,10,13,181,,
2,13,-10,175,,
2,-16,-4,146,,
2,-4,-16,138,,
2,-16,4,160,,
2,13,10,180,,
2,4,-16,143,,
2,-4,16,176,,
2,4,16,169,,
2,16,-4,178,,
2,-15,-7,141,,
2,-15,7,154,,
2,16,4,171,,
2,-7,-15,149,,
2,-7,15,159,,
2,7,-15,159,,
2,7,15,178,,
2,15,-7,171,,
2,-14,-9,139,,
2,-14,9,153,,
2,-9,-14,131,,
2,15,7,189,,
2,-9,14,158,,
2,9,-14,161,,
2,9,14,182,,
2,14,-9,162,,
2,-16,-5,146,,
2,14,9,179,,
2,-16,5,162,,
2,-5,-16,154,,
2,5,-16,145,,
2,-5,16,159,,
2,5,16,169,,
2,16,-5,188,,
2,-12,-12,174,,
2,16,5,204,,
2,-12,12,192,,
2,-15,-8,168,,
2,12,-12,209,,
2,-17,0,182,,
2,-15,8,173,,
2,12,12,210,,
2,-8,-15,157,,
2,0,-17,146,,
2,-8,15,172,,
2,0,17,158,,
2,8,-15,155,,
2,8,15,176,,
2,15,-8,171,,
2,-17,-1,147,,
2,17,0,168,,
2,15,8,179,,
2,-17,1,163,,
2,-13,-11,129,,
2,-13,11,149,,
2,-11,-13,126,,
2,-11,13,158,,
2,-1,-17,134,,
2,1,-17,143,,
2,-1,17,172,,
2,11,-13,162,,
2,1,17,171,,
2,13,-11,170,,
2,11,13,185,,
2,13,11,193,,
2,17,-1,187,,
2,17,1,181,,
2,-16,-6,153,,
2,-6,-16,137,,
2,-16,6,164,,
2,6,-16,157,,
2,-6,16,168,,
2,6,16,180,,
2,-17,-2,141,,
2,16,-6,181,,
2,16,6,173,,
2,-17,2,143,,
2,-2,-17,141,,
2,2,-17,142,,
2,-2,17,170,,
2,2,17,179,,
2,-14,-10,143,,
2,17,-2,188,,
2,-14,10,152,,
2,-10,-14,138,,
2,17,2,174,,
2,10,-14,150,,
2,-10,14,165,,
2,10,14,182,,
2,14,-10,169,,
2,-17,-3,144,,
2,-17,3,151,,
2,-3,-17,146,,
2,14,10,173,,
2,-3,17,163,,
2,3,-17,157,,
2,3,17,181,,
2,17,-3,184,,
2,-17,-4,142,,
2,17,3,162,,
2,-17,4,152,,
2,-7,-16,140,,
2,-16,-7,153,,
2,-16,7,155,,
2,-4,-17,137,,
2,-7,16,177,,
2,-4,17,164,,
2,4,-17,147,,
2,7,-16,148,,
2,4,17,181,,
2,7,16,170,,
2,16,-7,166,,
2,17,-4,175,,
2,16,7,185,,
2,-15,-9,146,,
2,17,4,188,,
2,-15,9,144,,
2,-9,-15,141,,
2,-9,15,153,,
2,9,-15,152,,
2,15,-9,163,,
2,-13,-12,136,,
2,-12,-13,167,,
2,9,15,219,,
2,15,9,208,,
2,-13,12,197,,
2,-12,13,187,,
2,12,-13,185,,
2,13,-12,185,,
2,12,13,202,,
2,-17,-5,139,,
2,-17,5,148,,
2,-5,-17,145,,
2,13,12,192,,
2,5,-17,145,,
2,-5,17,159,,
2,17,-5,171,,
2,5,17,193,,
2,-14,-11,138,,
2,17,5,170,,
2,-11,-14,139,,
2,-14,11,159,,
2,-11,14,147,,
2,11,-14,160,,
2,14,-11,172,,
2,11,14,195,,
2,-16,-8,143,,
2,-16,8,153,,
2,14,11,189,,
2,-8,-16,144,,
2,8,-16,152,,
2,-8,16,167,,
2,8,16,171,,
2,16,-8,177,,
2,-18,0,150,,
2,16,8,173,,
2,0,-18,161,,
2,0,18,176,,
2,18,0,182,,
2,-18,-1,163,,
2,-18,1,140,,
2,-17,-6,142,,
2,-17,6,166,,
2,-15,-10,138,,
2,-10,-15,137,,
2,-15,10,156,,
2,-10,15,151,,
2,-6,-17,141,,
2,-1,-18,142,,
2,1,-18,145,,
2,-6,17,170,,
2,-1,18,186,,
2,6,-17,149,,
2,1,18,177,,
2,10,-15,161,,
2,6,17,185,,
2,10,15,182,,
2,15,-10,170,,
2,17,-6,159,,
2,15,10,176,,
2,17,6,184,,
2,18,-1,174,,
2,18,1,164,,
2,-18,-2,142,,
2,-18,2,126,,
2,-2,-18,144,,
2,2,-18,154,,
2,-2,18,170,,
2,2,18,176,,
2,18,-2,160,,
2,-18,-3,153,,
2,18,2,174,,
2,-18,3,157,,
2,-3,-18,152,,
2,3,-18,139,,
2,-3,18,170,,
2,3,18,163,,
2,18,-3,170,,
2,-16,-9,139,,
2,18,3,161,,
2,-16,9,144,,
2,-9,-16,149,,
2,-9,16,172,,
2,9,-16,167,,
2,16,-9,160,,
2,9,16,176,,
2,-17,-7,139,,
2,-13,-13,131,,
2,16,9,169,,
2,-17,7,149,,
2,-7,-17,144,,
2,-13,13,159,,
2,7,-17,176,,
2,-7,17,194,,
2,13,-13,188,,
2,7,17,204,,
2,17,-7,185,,
2,-18,-4,176,,
2,13,13,212,,
2,-14,-12,147,,
2,17,7,202,,
2,-18,4,176,,
2,-12,-14,130,,
2,-14,12,150,,
2,-4,-18,132,,
2,-12,14,170,,
2,4,-18,151,,
2,-4,18,165,,
2,12,-14,155,,
2,4,18,177,,
2,14,-12,171,,
2,12,14,193,,
2,14,12,168,,
2,18,-4,161,,
2,-15,-11,119,,
2,18,4,194,,
2,-11,-15,134,,
2,-15,11,172,,
2,11,-15,153,,
2,-11,15,161,,
2,11,15,158,,
2,-18,-5,142,,
2,15,-11,167,,
2,-18,5,160,,
2,15,11,189,,
2,-5,-18,143,,
2,-5,18,176,,
2,5,-18,153,,
2,5,18,171,,
2,18,-5,174,,
2,-17,-8,143,,
2,18,5,170,,
2,-17,8,133,,
2,-8,-17,147,,
2,8,-17,140,,
2,-8,17,159,,
2,8,17,170,,
2,17,-8,165,,
2,-16,-10,141,,
2,-10,-16,131,,
2,17,8,174,,
2,-16,10,166,,
2,10,-16,148,,
2,-10,16,158,,
2,10,16,164,,
2,16,-10,164,,
2,-18,-6,140,,
2,-18,6,152,,
2,-6,-18,131,,
2,16,10,200,,
2,6,-18,157,,
2,-6,18,166,,
2,18,-6,172,,
2,6,18,183,,
2,-19,0,145,,
2,18,6,180,,
2,0,-19,153,,
2,-19,-1,143,,
2,19,0,161,,
2,0,19,184,,
2,-19,1,145,,
2,-1,-19,145,,
2,-1,19,168,,
2,1,-19,162,,
2,1,19,165,,
2,19,-1,165,,
2,19,1,159,,
2,-19,-2,137,,
2,-19,2,139,,
2,-13,-14,201,,
2,-2,-19,163,,
2,-14,-13,226,,
2,2,-19,154,,
2,-14,13,239,,
2,-2,19,186,,
2,2,19,183,,
2,-13,14,247,,
2,19,-2,177,,
2,-15,-12,155,,
2,13,14,277,,
2,19,2,181,,
2,-15,12,167,,
2,-12,-15,136,,
2,-12,15,137,,
2,13,-14,356,,
2,14,-13,264,,
2,14,13,263,,
2,12,-15,103,,
2,12,15,118,,
2,15,-12,131,,
2,-19,-3,98,,
2,15,12,163,,
2,-19,3,130,,
2,-17,-9,127,,
2,-17,9,138,,
2,-9,-17,137,,
2,-3,-19,129,,
2,-9,17,162,,
2,-3,19,166,,
2,3,-19,164,,
2,3,19,156,,
2,9,-17,155,,
2,17,-9,156,,
2,9,17,185,,
2,19,-3,156,,
2,-18,-7,128,,
2,17,9,177,,
2,19,3,181,,
2,-18,7,154,,
2,-7,-18,145,,
2,-7,18,166,,
2,7,-18,155,,
2,7,18,166,,
2,-19,-4,146,,
2,18,-7,161,,
2,-19,4,140,,
2,-16,-11,131,,
2,18,7,169,,
2,-11,-16,137,,
2,-16,11,150,,
2,-4,-19,148,,
2,-11,16,160,,
2,-4,19,160,,
2,4,-19,149,,
2,11,-16,151,,
2,4,19,167,,
2,16,-11,158,,
2,11,16,188,,
2,19,-4,163,,
2,16,11,178,,
2,-19,-5,129,,
2,19,4,182,,
2,-19,5,153,,
2,-5,-19,146,,
2,-5,19,154,,
2,5,-19,153,,
2,5,19,172,,
2,19,-5,161,,
2,-18,-8,151,,
2,19,5,184,,
2,-18,8,159,,
2,-8,-18,147,,
2,8,-18,141,,
2,-8,18,169,,
2,8,18,173,,
2,18,-8,163,,
2,-17,-10,145,,
2,-17,10,151,,
2,18,8,176,,
2,-10,-17,143,,
2,-10,17,153,,
2,10,-17,138,,
2,10,17,183,,
2,17,-10,163,,
2,-14,-14,151,,
2,17,10,169,,
2,-14,14,150,,
2,14,-14,164,,
2,14,14,187,,
2,-15,-13,237,,
2,-13,-15,223,,
2,-15,13,265,,
2,-19,-6,175,,
2,-19,6,175,,
2,13,-15,307,,
2,13,15,314,,
2,-6,-19,158,,
2,-13,15,335,,
2,-6,19,148,,
2,6,-19,129,,
2,6,19,105,,
2,15,-13,384,,
2,15,13,369,,
2,19,-6,104,,
2,19,6,122,,
2,-20,0,110,,
2,-16,-12,128,,
2,-16,12,132,,
2,-12,-16,130,,
2,0,-20,128,,
2,-12,16,139,,
2,12,-16,91,,
2,16,-12,84,,
2,12,16,92,,
2,16,12,72,,
3,0,0,113,,
3,-1,0,110,,
3,0,-1,129,,
3,0,1,136,,
3,-1,-1,127,,
3,1,0,145,,
3,-1,1,136,,
3,-2,0,139,,
3,1,-1,151,,
3,1,1,168,,
3,0,-2,141,,
3,0,2,163,,
3,-2,-1,141,,
3,-2,1,156,,
3,2,0,172,,
3,-1,-2,146,,
3,1,-2,145,,
3,-1,2,166,,
3,2,-1,158,,
3,1,2,188,,
3,-2,-2,153,,
3,2,1,181,,
3,-3,0,146,,
3,-2,2,174,,
3,0,-3,142,,
3,2,-2,170,,
3,2,2,222,,
3,0,3,196,,
3,-3,-1,184,,
3,3,0,199,,
3,-1,-3,171,,
3,-3,1,186,,
3,1,-3,189,,
3,-1,3,216,,
3,1,3,206,,
3,-3,-2,149,,
3,3,-1,222,,
3,3,1,184,,
3,-2,-3,157,,
3,-3,2,180,,
3,-2,3,187,,
3,2,-3,175,,
3,2,3,179,,
3,3,-2,170,,
3,-4,0,164,,
3,0,-4,154,,
3,3,2,191,,
3,-4,-1,162,,
3,0,4,186,,
3,4,0,186,,
3,-1,-4,160,,
3,-4,1,177,,
3,-1,4,191,,
3,1,-4,180,,
3,1,4,190,,
3,4,-1,202,,
3,-3,-3,163,,
3,4,1,195,,
3,-3,3,178,,
3,3,-3,198,,
3,-4,-2,158,,
3,3,3,198,,
3,-2,-4,153,,
3,-4,2,174,,
3,-2,4,162,,
3,2,-4,171,,
3,4,-2,174,,
3,2,4,192,,
3,-5,0,154,,
3,4,2,197,,
3,-4,-3,142,,
3,-3,-4,145,,
3,-4,3,175,,
3,0,-5,152,,
3,-3,4,179,,
3,0,5,180,,
3,3,-4,183,,
3,4,-3,178,,
3,3,4,204,,
3,5,0,186,,
3,-5,-1,136,,
3,4,3,205,,
3,-5,1,155,,
3,-1,-5,156,,
3,1,-5,146,,
3,-1,5,195,,
3,1,5,186,,
3,5,-1,190,,
3,-5,-2,162,,
3,-5,2,159,,
3,-2,-5,150,,
3,5,1,179,,
3,-2,5,165,,
3,2,-5,194,,
3,5,-2,190,,
3,2,5,212,,
3,-4,-4,172,,
3,5,2,202,,
3,-4,4,183,,
3,-5,-3,178,,
3,4,-4,199,,
3,4,4,215,,
3,-3,-5,145,,
3,-5,3,179,,
3,3,-5,153,,
3,-3,5,194,,
3,-6,0,139,,
3,5,-3,171,,
3,5,3,188,,
3,0,-6,169,,
3,3,5,205,,
3,0,6,177,,
3,-6,-1,167,,
3,6,0,193,,
3,-6,1,162,,
3,-1,-6,146,,
3,1,-6,161,,
3,-1,6,184,,
3,1,6,179,,
3,-6,-2,157,,
3,6,-1,182,,
3,6,1,183,,
3,-6,2,168,,
3,-2,-6,150,,
3,-2,6,175,,
3,2,-6,168,,
3,2,6,182,,
3,-5,-4,142,,
3,6,-2,180,,
3,-4,-5,139,,
3,-5,4,168,,
3,6,2,184,,
3,-4,5,174,,
3,4,-5,177,,
3,5,-4,177,,
3,4,5,198,,
3,-6,-3,157,,
3,-6,3,167,,
3,-3,-6,155,,
3,5,4,187,,
3,3,-6,165,,
3,-3,6,183,,
3,3,6,177,,
3,6,-3,179,,
3,-7,0,145,,
3,0,-7,167,,
3,6,3,209,,
3,-7,-1,155,,
3,-7,1,147,,
3,-5,-5,141,,
3,0,7,187,,
3,7,0,197,,
3,-5,5,169,,
3,-1,-7,153,,
3,-1,7,178,,
3,1,-7,141,,
3,1,7,188,,
3,5,-5,167,,
3,-6,-4,146,,
3,7,-1,179,,
3,7,1,182,,
3,5,5,235,,
3,-4,-6,185,,
3,-6,4,195,,
3,4,-6,198,,
3,-4,6,210,,
3,-7,-2,175,,
3,-2,-7,134,,
3,6,-4,204,,
3,4,6,210,,
3,-7,2,164,,
3,6,4,212,,
3,2,-7,158,,
3,-2,7,167,,
3,7,-2,160,,
3,2,7,191,,
3,-7,-3,149,,
3,7,2,167,,
3,-7,3,164,,
3,-3,-7,161,,
3,3,-7,161,,
3,-3,7,174,,
3,3,7,187,,
3,7,-3,183,,
3,-6,-5,139,,
3,7,3,186,,
3,-5,-6,137,,
3,-6,5,170,,
3,-5,6,164,,
3,5,-6,185,,
3,6,-5,176,,
3,5,6,189,,
3,-8,0,156,,
3,6,5,194,,
3,0,-8,162,,
3,-8,-1,152,,
3,0,8,186,,
3,8,0,180,,
3,-8,1,170,,
3,-7,-4,159,,
3,-4,-7,152,,
3,-7,4,170,,
3,-4,7,162,,
3,-1,-8,165,,
3,-1,8,177,,
3,1,-8,157,,
3,4,-7,161,,
3,1,8,180,,
3,4,7,170,,
3,7,-4,178,,
3,7,4,191,,
3,8,-1,193,,
3,-8,-2,156,,
3,8,1,185,,
3,-2,-8,146,,
3,-8,2,159,,
3,2,-8,146,,
3,-2,8,179,,
3,2,8,179,,
3,8,-2,177,,
3,-6,-6,152,,
3,8,2,175,,
3,6,-6,173,,
3,-6,6,180,,
3,-8,-3,144,,
3,-8,3,162,,
3,6,6,213,,
3,-3,-8,165,,
3,-3,8,165,,
3,3,-8,166,,
3,-7,-5,173,,
3,3,8,221,,
3,8,-3,218,,
3,8,3,202,,
3,-7,5,184,,
3,-5,-7,179,,
3,-5,7,181,,
3,5,-7,193,,
3,7,-5,165,,
3,5,7,216,,
3,7,5,199,,
3,-8,-4,194,,
3,-4,-8,210,,
3,-8,4,230,,
3,-4,8,235,,
3,4,8,273,,
3,-9,0,194,,
3,8,-4,268,,
3,4,-8,316,,
3,8,4,264,,
3,0,-9,191,,
3,-9,-1,157,,
3,9,0,171,,
3,0,9,214,,
3,-9,1,169,,
3,-1,-9,182,,
3,1,-9,173,,
3,9,-1,173,,
3,-1,9,201,,
3,1,9,185,,
3,9,1,191,,
3,-9,-2,179,,
3,-7,-6,162,,
3,-9,2,176,,
3,-7,6,164,,
3,-6,-7,121,,
3,-6,7,166,,
3,-2,-9,152,,
3,2,-9,150,,
3,-2,9,169,,
3,6,-7,158,,
3,2,9,177,,
3,6,7,180,,
3,7,-6,177,,
3,7,6,180,,
3,9,-2,170,,
3,-8,-5,138,,
3,-8,5,170,,
3,-5,-8,157,,
3,9,2,183,,
3,-5,8,170,,
3,5,-8,166,,
3,8,-5,162,,
3,5,8,198,,
3,8,5,186,,
3,-9,-3,151,,
3,-9,3,151,,
3,-3,-9,147,,
3,3,-9,160,,
3,-3,9,185,,
3,3,9,176,,
3,9,-3,178,,
3,-9,-4,139,,
3,-4,-9,146,,
3,9,3,196,,
3,-9,4,162,,
3,-4,9,171,,
3,4,-9,171,,
3,4,9,174,,
3,9,-4,164,,
3,-7,-7,151,,
3,9,4,182,,
3,-7,7,181,,
3,7,-7,160,,
3,-10,0,153,,
3,-8,-6,132,,
3,7,7,197,,
3,-8,6,160,,
3,-6,-8,154,,
3,0,-10,157,,
3,-6,8,166,,
3,0,10,178,,
3,6,-8,174,,
3,8,-6,179,,
3,6,8,191,,
3,8,6,188,,
3,-10,-1,141,,
3,10,0,185,,
3,-10,1,148,,
3,-1,-10,154,,
3,-1,10,185,,
3,1,-10,147,,
3,1,10,181,,
3,10,-1,177,,
3,-10,-2,149,,
3,-2,-10,138,,
3,10,1,179,,
3,-10,2,149,,
3,-2,10,200,,
3,2,-10,183,,
3,10,-2,207,,
3,2,10,220,,
3,-9,-5,172,,
3,-5,-9,173,,
3,-9,5,200,,
3,10,2,218,,
3,5,-9,192,,
3,-5,9,200,,
3,5,9,178,,
3,9,-5,178,,
3,-10,-3,160,,
3,-10,3,160,,
3,-3,-10,144,,
3,3,-10,137,,
3,9,5,193,,
3,-3,10,167,,
3,10,-3,180,,
3,3,10,191,,
3,-8,-7,138,,
3,10,3,191,,
3,-8,7,150,,
3,-7,-8,145,,
3,7,-8,173,,
3,-7,8,183,,
3,7,8,189,,
3,8,-7,164,,
3,-10,-4,146,,
3,-10,4,161,,
3,8,7,186,,
3,-4,-10,143,,
3,4,-10,163,,
3,-4,10,182,,
3,-9,-6,135,,
3,10,-4,181,,
3,4,10,189,,
3,-6,-9,145,,
3,10,4,182,,
3,-9,6,174,,
3,-6,9,155,,
3,6,-9,164,,
3,6,9,197,,
3,-11,0,144,,
3,9,-6,189,,
3,9,6,196,,
3,-11,-1,149,,
3,0,-11,178,,
3,-11,1,158,,
3,0,11,181,,
3,11,0,180,,
3,-1,-11,147,,
3,1,-11,150,,
3,-1,11,168,,
3,1,11,172,,
3,-11,-2,144,,
3,-11,2,147,,
3,-10,-5,143,,
3,11,-1,167,,
3,-5,-10,142,,
3,11,1,169,,
3,-10,5,154,,
3,-2,-11,146,,
3,-5,10,154,,
3,2,-11,152,,
3,-2,11,181,,
3,5,-10,166,,
3,10,-5,170,,
3,2,11,195,,
3,5,10,191,,
3,11,-2,170,,
3,10,5,178,,
3,-8,-8,129,,
3,11,2,210,,
3,-8,8,196,,
3,8,-8,192,,
3,-11,-3,171,,
3,-11,3,174,,
3,8,8,212,,
3,-7,-9,259,,
3,-9,-7,280,,
3,-3,-11,168,,
3,-9,7,298,,
3,-7,9,306,,
3,3,-11,198,,
3,-3,11,205,,
3,3,11,208,,
3,7,-9,237,,
3,11,-3,206,,
3,7,9,327,,
3,-10,-6,166,,
3,9,-7,250,,
3,11,3,223,,
3,-6,-10,163,,
3,-10,6,170,,
3,-6,10,177,,
3,9,7,273,,
3,6,-10,152,,
3,10,-6,146,,
3,6,10,175,,
3,-11,-4,155,,
3,-11,4,161,,
3,10,6,176,,
3,-4,-11,156,,
3,4,-11,158,,
3,-4,11,179,,
3,11,-4,184,,
3,4,11,200,,
3,0,-12,190,,
3,11,4,205,,
3,-12,0,201,,
3,-9,-8,165,,
3,-12,-1,198,,
3,-12,1,193,,
3,0,12,213,,
3,12,0,212,,
3,-8,-9,149,,
3,-9,8,185,,
3,-1,-12,135,,
3,-8,9,161,,
3,1,-12,156,,
3,-1,12,173,,
3,9,-8,152,,
3,1,12,176,,
3,8,-9,169,,
3,8,9,163,,
3,9,8,167,,
3,12,-1,192,,
3,-11,-5,143,,
3,-11,5,144,,
3,12,1,185,,
3,-5,-11,147,,
3,-5,11,166,,
3,5,-11,165,,
3,11,-5,180,,
3,11,5,180,,
3,5,11,193,,
3,-12,-2,148,,
3,-12,2,161,,
3,2,-12,149,,
3,-2,-12,171,,
3,-2,12,192,,
3,2,12,171,,
3,12,-2,173,,
3,-10,-7,146,,
3,-10,7,160,,
3,-7,-10,155,,
3,12,2,193,,
3,-7,10,168,,
3,7,-10,158,,
3,7,10,176,,
3,10,-7,176,,
3,-12,-3,162,,
3,-12,3,155,,
3,-3,-12,156,,
3,10,7,186,,
3,-3,12,169,,
3,3,-12,156,,
3,12,-3,175,,
3,3,12,186,,
3,-11,-6,138,,
3,12,3,175,,
3,-6,-11,145,,
3,-11,6,158,,
3,6,-11,169,,
3,-6,11,182,,
3,11,-6,178,,
3,6,11,186,,
3,-12,-4,150,,
3,11,6,173,,
3,-4,-12,149,,
3,-12,4,164,,
3,4,-12,161,,
3,-4,12,171,,
3,-9,-9,144,,
3,4,12,179,,
3,12,-4,168,,
3,12,4,181,,
3,-9,9,163,,
3,-10,-8,151,,
3,9,-9,177,,
3,-8,-10,145,,
3,-10,8,156,,
3,9,9,188,,
3,-8,10,165,,
3,8,-10,163,,
3,10,-8,162,,
3,8,10,185,,
3,-13,0,179,,
3,-12,-5,176,,
3,-12,5,175,,
3,-5,-12,171,,
3,10,8,205,,
3,-5,12,203,,
3,0,-13,175,,
3,0,13,215,,
3,5,-12,195,,
3,5,12,211,,
3,12,-5,158,,
3,-13,1,153,,
3,-13,-1,159,,
3,12,5,171,,
3,13,0,174,,
3,-11,-7,139,,
3,-11,7,146,,
3,-7,-11,131,,
3,-1,-13,142,,
3,-7,11,170,,
3,1,-13,145,,
3,7,-11,154,,
3,-1,13,187,,
3,1,13,187,,
3,11,-7,184,,
3,7,11,192,,
3,11,7,187,,
3,13,-1,181,,
3,-13,-2,143,,
3,13,1,176,,
3,-13,2,142,,
3,-2,-13,142,,
3,2,-13,159,,
3,-2,13,186,,
3,13,-2,179,,
3,2,13,188,,
3,13,2,172,,
3,-13,-3,145,,
3,-13,3,144,,
3,-3,-13,142,,
3,3,-13,146,,
3,-3,13,172,,
3,3,13,179,,
3,13,-3,175,,
3,-12,-6,144,,
3,13,3,166,,
3,-12,6,153,,
3,-6,-12,152,,
3,6,-12,154,,
3,-6,12,179,,
3,12,-6,172,,
3,6,12,187,,
3,-10,-9,135,,
3,-9,-10,130,,
3,-10,9,174,,
3,12,6,188,,
3,9,-10,160,,
3,-9,10,178,,
3,10,-9,162,,
3,9,10,197,,
3,-13,-4,139,,
3,10,9,183,,
3,-11,-8,137,,
3,-13,4,165,,
3,-8,-11,135,,
3,-11,8,159,,
3,-4,-13,141,,
3,-8,11,171,,
3,-4,13,165,,
3,4,-13,157,,
3,4,13,188,,
3,8,-11,159,,
3,11,-8,165,,
3,8,11,183,,
3,11,8,191,,
3,13,-4,175,,
3,-12,-7,145,,
3,13,4,186,,
3,-12,7,144,,
3,-7,-12,139,,
3,-7,12,201,,
3,7,-12,190,,
3,7,12,216,,
3,12,-7,199,,
3,-13,-5,179,,
3,-13,5,181,,
3,12,7,193,,
3,-5,-13,174,,
3,-5,13,196,,
3,5,-13,192,,
3,5,13,179,,
3,13,-5,175,,
3,-14,0,145,,
3,0,-14,160,,
3,13,5,177,,
3,-14,-1,155,,
3,14,0,176,,
3,-14,1,145,,
3,0,14,183,,
3,-1,-14,148,,
3,1,-14,137,,
3,-1,14,176,,
3,-14,-2,140,,
3,-10,-10,137,,
3,1,14,176,,
3,14,-1,172,,
3,-14,2,149,,
3,14,1,181,,
3,-2,-14,156,,
3,-10,10,169,,
3,-2,14,173,,
3,2,-14,146,,
3,10,-10,159,,
3,2,14,181,,
3,-11,-9,141,,
3,-9,-11,137,,
3,14,-2,162,,
3,14,2,164,,
3,-11,9,155,,
3,10,10,187,,
3,-9,11,163,,
3,9,-11,163,,
3,-14,-3,139,,
3,9,11,167,,
3,-14,3,144,,
3,11,-9,177,,
3,-13,-6,160,,
3,-6,-13,137,,
3,11,9,182,,
3,-13,6,166,,
3,-3,-14,138,,
3,-6,13,161,,
3,-3,14,163,,
3,3,-14,153,,
3,6,-13,148,,
3,3,14,156,,
3,6,13,166,,
3,13,-6,179,,
3,14,-3,172,,
3,13,6,196,,
3,-12,-8,146,,
3,14,3,183,,
3,-8,-12,139,,
3,-12,8,146,,
3,8,-12,154,,
3,-8,12,181,,
3,12,-8,157,,
3,-14,-4,149,,
3,8,12,199,,
3,12,8,177,,
3,-4,-14,136,,
3,-14,4,156,,
3,4,-14,154,,
3,-4,14,162,,
3,4,14,174,,
3,14,-4,167,,
3,-13,-7,142,,
3,-7,-13,177,,
3,14,4,216,,
3,-13,7,194,,
3,-7,13,189,,
3,7,-13,185,,
3,7,13,208,,
3,13,-7,193,,
3,-14,-5,186,,
3,-14,5,182,,
3,-11,-10,130,,
3,13,7,204,,
3,-10,-11,137,,
3,-11,10,154,,
3,-5,-14,154,,
3,-10,11,172,,
3,-5,14,164,,
3,5,-14,160,,
3,10,-11,158,,
3,11,-10,159,,
3,5,14,176,,
3,10,11,187,,
3,11,10,178,,
3,14,-5,187,,
3,-15,0,151,,
3,-12,-9,128,,
3,14,5,193,,
3,-12,9,153,,
3,-9,-12,159,,
3,0,-15,152,,
3,-9,12,174,,
3,9,-12,154,,
3,0,15,191,,
3,9,12,169,,
3,12,-9,176,,
3,15,0,176,,
3,-15,-1,151,,
3,12,9,185,,
3,-15,1,150,,
3,-1,-15,152,,
3,1,-15,153,,
3,-1,15,190,,
3,1,15,168,,
3,15,-1,175,,
3,15,1,188,,
3,-15,-2,165,,
3,-15,2,159,,
3,-2,-15,162,,
3,-2,15,173,,
3,2,-15,174,,
3,2,15,174,,
3,15,-2,170,,
3,-14,-6,164,,
3,15,2,181,,
3,-6,-14,145,,
3,-14,6,168,,
3,6,-14,159,,
3,-6,14,171,,
3,6,14,186,,
3,14,-6,180,,
3,-13,-8,145,,
3,-8,-13,143,,
3,14,6,189,,
3,-13,8,155,,
3,-8,13,168,,
3,8,-13,170,,
3,13,-8,169,,
3,8,13,188,,
3,-15,-3,158,,
3,-15,3,156,,
3,-3,-15,146,,
3,13,8,199,,
3,3,-15,149,,
3,-3,15,169,,
3,3,15,180,,
3,-15,-4,140,,
3,15,-3,178,,
3,15,3,189,,
3,-15,4,147,,
3,-4,-15,144,,
3,4,-15,148,,
3,-4,15,189,,
3,4,15,215,,
3,15,-4,194,,
3,-11,-11,174,,
3,15,4,208,,
3,-11,11,193,,
3,-12,-10,169,,
3,11,-11,196,,
3,-10,-12,129,,
3,-12,10,193,,
3,11,11,224,,
3,-10,12,157,,
3,10,-12,177,,
3,10,12,182,,
3,12,-10,169,,
3,12,10,192,,
3,-14,-7,209,,
3,-14,7,258,,
3,-7,-14,232,,
3,-7,14,223,,
3,7,-14,220,,
3,-15,-5,160,,
3,14,-7,201,,
3,7,14,260,,
3,-15,5,183,,
3,14,7,264,,
3,-13,-9,154,,
3,-9,-13,162,,
3,-5,-15,157,,
3,-13,9,176,,
3,-9,13,194,,
3,-5,15,192,,
3,5,-15,190,,
3,9,-13,140,,
3,5,15,185,,
3,13,-9,164,,
3,9,13,176,,
3,15,-5,178,,
3,-16,0,151,,
3,13,9,195,,
3,15,5,173,,
3,0,-16,145,,
3,0,16,179,,
3,16,0,183,,
3,-16,-1,153,,
3,-16,1,151,,
3,-1,-16,147,,
3,1,-16,144,,
3,-1,16,163,,
3,16,-1,179,,
3,1,16,191,,
3,16,1,197,,
3,-14,-8,144,,
3,-8,-14,143,,
3,-14,8,162,,
3,-16,2,199,,
3,-16,-2,274,,
3,-8,14,189,,
3,-2,-16,214,,
3,2,-16,230,,
3,8,-14,203,,
3,-2,16,259,,
3,2,16,238,,
3,8,14,211,,
3,14,-8,206,,
3,14,8,215,,
3,-15,-6,145,,
3,16,-2,218,,
3,-15,6,172,,
3,-6,-15,154,,
3,16,2,269,,
3,6,-15,160,,
3,-6,15,176,,
3,15,-6,192,,
3,6,15,207,,
3,15,6,200,,
3,-16,-3,165,,
3,-16,3,176,,
3,-12,-11,123,,
3,-11,-12,133,,
3,-12,11,149,,
3,-3,-16,133,,
3,-11,12,156,,
3,3,-16,150,,
3,-3,16,169,,
3,3,16,179,,
3,11,-12,163,,
3,12,-11,162,,
3,11,12,184,,
3,-13,-10,141,,
3,16,-3,176,,
3,12,11,192,,
3,16,3,179,,
3,-13,10,154,,
3,-10,-13,143,,
3,-10,13,157,,
3,10,-13,155,,
3,-16,-4,138,,
3,10,13,183,,
3,13,-10,177,,
3,-4,-16,150,,
3,-16,4,158,,
3,13,10,181,,
3,4,-16,154,,
3,-4,16,186,,
3,4,16,162,,
3,16,-4,165,,
3,16,4,176,,
3,-15,-7,256,,
3,-7,-15,261,,
3,-14,-9,150,,
3,7,-15,247,,
3,-14,9,166,,
3,-7,15,337,,
3,7,15,287,,
3,-9,-14,106,,
3,15,-7,321,,
3,-15,7,409,,
3,15,7,315,,
3,-9,14,151,,
3,9,-14,124,,
3,9,14,161,,
3,14,-9,138,,
3,-16,-5,102,,
3,14,9,182,,
3,-16,5,136,,
3,-5,-16,143,,
3,5,-16,149,,
3,-5,16,164,,
3,5,16,184,,
3,16,-5,170,,
3,-12,-12,136,,
3,16,5,195,,
3,-12,12,176,,
3,12,-12,153,,
3,-17,0,158,,
3,-15,-8,143,,
3,12,12,184,,
3,-15,8,153,,
3,-8,-15,143,,
3,0,-17,144,,
3,-8,15,162,,
3,8,-15,163,,
3,0,17,181,,
3,8,15,175,,
3,15,-8,166,,
3,-17,-1,153,,
3,-17,1,142,,
3,15,8,184,,
3,-13,-11,140,,
3,17,0,193,,
3,-13,11,149,,
3,-11,-13,134,,
3,-1,-17,139,,
3,-11,13,152,,
3,1,-17,149,,
3,-1,17,166,,
3,11,-13,151,,
3,1,17,161,,
3,13,-11,167,,
3,11,13,187,,
3,13,11,190,,
3,17,-1,170,,
3,-16,-6,146,,
3,17,1,175,,
3,-16,6,153,,
3,-6,-16,154,,
3,-6,16,159,,
3,6,-16,166,,
3,6,16,178,,
3,16,-6,166,,
3,-17,-2,143,,
3,-17,2,146,,
3,16,6,185,,
3,-2,-17,147,,
3,2,-17,148,,
3,-2,17,160,,
3,2,17,181,,
3,17,-2,168,,
3,-14,-10,143,,
3,17,2,178,,
3,-10,-14,144,,
3,-14,10,157,,
3,-10,14,160,,
3,10,-14,146,,
3,14,-10,162,,
3,10,14,176,,
3,-17,-3,130,,
3,-17,3,149,,
3,-3,-17,142,,
3,14,10,188,,
3,3,-17,153,,
3,-3,17,167,,
3,3,17,181,,
3,17,-3,176,,
3,-17,-4,142,,
3,17,3,172,,
3,-17,4,154,,
3,-16,-7,139,,
3,-7,-16,138,,
3,-16,7,152,,
3,-4,-17,143,,
3,-7,16,167,,
3,4,-17,143,,
3,-4,17,162,,
3,7,-16,160,,
3,4,17,184,,
3,7,16,215,,
3,16,-7,207,,
3,16,7,205,,
3,17,-4,196,,
3,-15,-9,171,,
3,17,4,219,,
3,-9,-15,170,,
3,-15,9,187,,
3,-9,15,190,,
3,9,-15,177,,
3,-13,-12,140,,
3,15,-9,160,,
3,9,15,170,,
3,-13,12,149,,
3,15,9,167,,
3,-12,-13,119,,
3,12,-13,156,,
3,-12,13,165,,
3,13,-12,158,,
3,12,13,173,,
3,-17,-5,143,,
3,-17,5,141,,
3,13,12,175,,
3,-5,-17,156,,
3,-5,17,150,,
3,5,-17,152,,
3,5,17,177,,
3,17,-5,181,,
3,17,5,191,,
3,-11,-14,169,,
3,-14,-11,186,,
3,-14,11,286,,
3,-16,-8,183,,
3,-11,14,280,,
3,11,-14,275,,
3,14,-11,261,,
3,11,14,273,,
3,-16,8,150,,
3,-8,-16,145,,
3,-8,16,122,,
3,14,11,263,,
3,8,-16,101,,
3,8,16,129,,
3,16,-8,155,,
3,-18,0,168,,
3,0,-18,165,,
3,16,8,190,,
3,-18,-1,178,,
3,18,0,193,,
3,-18,1,164,,
3,0,18,203,,
3,-17,-6,167,,
3,-17,6,166,,
3,-15,-10,137,,
3,-10,-15,134,,
3,-15,10,154,,
3,-10,15,144,,
3,-6,-17,130,,
3,-1,-18,142,,
3,-6,17,166,,
3,1,-18,149,,
3,-1,18,165,,
3,6,-17,165,,
3,1,18,192,,
3,10,-15,155,,
3,6,17,174,,
3,10,15,169,,
3,15,-10,167,,
3,17,-6,161,,
3,15,10,191,,
3,17,6,174,,
3,18,-1,168,,
3,-18,-2,143,,
3,18,1,174,,
3,-18,2,148,,
3,-2,-18,150,,
3,2,-18,141,,
3,-2,18,178,,
3,2,18,169,,
3,-18,-3,141,,
3,18,-2,173,,
3,18,2,183,,
3,-18,3,148,,
3,-3,-18,151,,
3,3,-18,153,,
3,-3,18,183,,
3,3,18,193,,
3,18,-3,166,,
3,-16,-9,138,,
3,-9,-16,127,,
3,-16,9,152,,
3,18,3,182,,
3,-9,16,162,,
3,9,-16,159,,
3,9,16,184,,
3,16,-9,162,,
3,-17,-7,146,,
3,-17,7,158,,
3,16,9,176,,
3,-13,-13,147,,
3,-7,-17,141,,
3,-13,13,159,,
3,-7,17,167,,
3,7,-17,156,,
3,13,-13,156,,
3,7,17,171,,
3,13,13,167,,
3,-18,-4,138,,
3,17,-7,172,,
3,-18,4,151,,
3,-14,-12,143,,
3,17,7,179,,
3,-12,-14,129,,
3,-14,12,168,,
3,-4,-18,142,,
3,-12,14,160,,
3,-4,18,176,,
3,4,-18,155,,
3,12,-14,157,,
3,14,-12,159,,
3,4,18,179,,
3,12,14,175,,
3,18,-4,159,,
3,14,12,189,,
3,-15,-11,137,,
3,18,4,177,,
3,-11,-15,130,,
3,-15,11,153,,
3,11,-15,149,,
3,-11,15,165,,
3,15,-11,160,,
3,11,15,186,,
3,-18,-5,138,,
3,-18,5,145,,
3,-5,-18,137,,
3,15,11,182,,
3,5,-18,160,,
3,-5,18,200,,
3,18,-5,196,,
3,-17,-8,157,,
3,5,18,206,,
3,18,5,214,,
3,-17,8,180,,
3,-8,-17,167,,
3,8,-17,177,,
3,-8,17,203,,
3,8,17,160,,
3,17,-8,157,,
3,-16,-10,136,,
3,17,8,168,,
3,-16,10,155,,
3,-10,-16,144,,
3,10,-16,148,,
3,-10,16,162,,
3,10,16,178,,
3,16,-10,163,,
3,-18,-6,152,,
3,-18,6,147,,
3,-6,-18,128,,
3,16,10,204,,
3,-6,18,158,,
3,6,-18,160,,
3,18,-6,164,,
3,6,18,196,,
3,-19,0,153,,
3,18,6,175,,
3,0,-19,157,,
3,0,19,174,,
3,-19,-1,152,,
3,19,0,166,,
3,-19,1,150,,
3,-1,-19,146,,
3,1,-19,148,,
3,-1,19,171,,
3,1,19,190,,
3,19,-1,177,,
3,-14,-13,134,,
3,19,1,181,,
3,-19,-2,150,,
3,-19,2,150,,
3,-13,-14,131,,
3,-14,13,153,,
3,-2,-19,128,,
3,-13,14,140,,
3,2,-19,151,,
3,2,19,156,,
3,-2,19,173,,
3,13,-14,161,,
3,14,-13,164,,
3,13,14,174,,
3,-15,-12,141,,
3,19,-2,187,,
3,14,13,201,,
3,19,2,165,,
3,-12,-15,147,,
3,-15,12,168,,
3,12,-15,148,,
3,-12,15,162,,
3,15,-12,167,,
3,-19,-3,152,,
3,12,15,197,,
3,-17,-9,146,,
3,-19,3,161,,
3,15,12,180,,
3,-17,9,149,,
3,-9,-17,143,,
3,-9,17,150,,
3,-3,-19,142,,
3,3,-19,147,,
3,-3,19,171,,
3,9,-17,155,,
3,3,19,174,,
3,9,17,194,,
3,17,-9,197,,
3,19,-3,162,,
3,-18,-7,150,,
3,17,9,181,,
3,19,3,182,,
3,-7,-18,134,,
3,-18,7,163,,
3,7,-18,160,,
3,-7,18,191,,
3,7,18,175,,
3,18,-7,177,,
3,-19,-4,159,,
3,18,7,196,,
3,-16,-11,162,,
3,-19,4,186,,
3,-16,11,191,,
3,-11,-16,188,,
3,-4,-19,171,,
3,-11,16,201,,
3,4,-19,188,,
3,-4,19,208,,
3,11,-16,169,,
3,4,19,222,,
3,16,-11,171,,
3,11,16,183,,
3,16,11,172,,
3,19,-4,169,,
3,-19,-5,141,,
3,19,4,183,,
3,-5,-19,134,,
3,-19,5,147,,
3,5,-19,147,,
3,-5,19,168,,
3,-18,-8,135,,
3,19,-5,181,,
3,5,19,191,,
3,19,5,185,,
3,-18,8,155,,
3,-8,-18,149,,
3,8,-18,158,,
3,-8,18,168,,
3,18,-8,156,,
3,8,18,174,,
3,-17,-10,124,,
3,18,8,188,,
3,-17,10,150,,
3,-10,-17,145,,
3,10,-17,147,,
3,-10,17,169,,
3,10,17,180,,
3,17,-10,164,,
3,-14,-14,143,,
3,17,10,188,,
3,-14,14,170,,
3,-15,-13,142,,
3,14,-14,162,,
3,-13,-15,133,,
3,-15,13,148,,
3,14,14,182,,
3,-13,15,149,,
3,13,-15,153,,
3,13,15,184,,
3,15,-13,166,,
3,-19,-6,154,,
3,-6,-19,145,,
3,15,13,176,,
3,-19,6,157,,
3,-6,19,153,,
3,6,-19,145,,
3,19,-6,160,,
3,6,19,174,,
3,-16,-12,127,,
3,19,6,160,,
3,-20,0,148,,
3,-16,12,139,,
3,-12,-16,136,,
3,0,-20,124,,
3,-12,16,143,,
3,12,-16,123,,
3,16,-12,89,,
3,12,16,99,,
3,16,12,60,,
4,0,0,127,,
4,-1,0,115,,
4,0,-1,144,,
4,0,1,150,,
4,-1,-1,145,,
4,-1,1,154,,
4,1,0,163,,
4,1,-1,155,,
4,-2,0,149,,
4,1,1,169,,
4,0,-2,138,,
4,0,2,170,,
4,-2,-1,134,,
4,-1,-2,133,,
4,-2,1,150,,
4,2,0,164,,
4,1,-2,140,,
4,-1,2,166,,
4,2,-1,162,,
4,1,2,185,,
4,2,1,168,,
4,-2,-2,137,,
4,-2,2,171,,
4,2,-2,162,,
4,-3,0,155,,
4,0,-3,157,,
4,2,2,231,,
4,-3,-1,183,,
4,0,3,211,,
4,3,0,200,,
4,-1,-3,181,,
4,-3,1,194,,
4,-1,3,193,,
4,1,-3,195,,
4,1,3,210,,
4,3,-1,211,,
4,-3,-2,141,,
4,-2,-3,148,,
4,-3,2,155,,
4,3,1,184,,
4,-2,3,171,,
4,2,-3,170,,
4,-4,0,139,,
4,3,-2,176,,
4,0,-4,151,,
4,2,3,196,,
4,3,2,195,,
4,0,4,182,,
4,-4,-1,161,,
4,4,0,187,,
4,-4,1,166,,
4,-1,-4,165,,
4,-1,4,180,,
4,1,-4,177,,
4,-3,-3,138,,
4,4,-1,177,,
4,1,4,202,,
4,4,1,180,,
4,-3,3,178,,
4,3,-3,189,,
4,-4,-2,159,,
4,3,3,192,,
4,-2,-4,151,,
4,-4,2,173,,
4,2,-4,151,,
4,-2,4,193,,
4,4,-2,175,,
4,-5,0,151,,
4,-4,-3,133,,
4,2,4,199,,
4,4,2,189,,
4,-4,3,175,,
4,-3,-4,158,,
4,0,-5,163,,
4,-3,4,174,,
4,0,5,181,,
4,3,-4,181,,
4,4,-3,177,,
4,3,4,197,,
4,4,3,199,,
4,5,0,190,,
4,-5,-1,157,,
4,-5,1,153,,
4,-1,-5,158,,
4,-1,5,193,,
4,1,-5,162,,
4,-5,-2,138,,
4,1,5,188,,
4,5,1,178,,
4,5,-1,202,,
4,-5,2,174,,
4,-2,-5,154,,
4,-2,5,181,,
4,2,-5,192,,
4,5,-2,190,,
4,2,5,215,,
4,-4,-4,184,,
4,5,2,203,,
4,-4,4,190,,
4,-5,-3,188,,
4,4,-4,205,,
4,4,4,223,,
4,-5,3,174,,
4,-3,-5,147,,
4,3,-5,149,,
4,-3,5,180,,
4,5,-3,178,,
4,-6,0,149,,
4,3,5,195,,
4,0,-6,155,,
4,5,3,191,,
4,-6,-1,151,,
4,0,6,178,,
4,6,0,198,,
4,-6,1,159,,
4,-1,-6,143,,
4,1,-6,163,,
4,-1,6,183,,
4,-6,-2,160,,
4,1,6,193,,
4,6,-1,186,,
4,6,1,183,,
4,-6,2,166,,
4,-2,-6,142,,
4,-2,6,171,,
4,2,-6,168,,
4,-5,-4,133,,
4,2,6,178,,
4,-5,4,167,,
4,6,-2,185,,
4,-4,-5,164,,
4,6,2,189,,
4,-4,5,174,,
4,4,-5,174,,
4,5,-4,175,,
4,4,5,192,,
4,-6,-3,156,,
4,5,4,177,,
4,-3,-6,141,,
4,-6,3,175,,
4,-3,6,174,,
4,3,-6,168,,
4,6,-3,185,,
4,3,6,205,,
4,-7,0,159,,
4,6,3,178,,
4,0,-7,164,,
4,0,7,182,,
4,-7,-1,146,,
4,7,0,180,,
4,-5,-5,140,,
4,-7,1,153,,
4,-1,-7,147,,
4,-5,5,168,,
4,1,-7,152,,
4,-1,7,172,,
4,1,7,174,,
4,5,-5,167,,
4,-6,-4,149,,
4,7,-1,178,,
4,5,5,235,,
4,7,1,219,,
4,-4,-6,182,,
4,-6,4,193,,
4,-4,6,204,,
4,4,-6,193,,
4,4,6,212,,
4,-7,-2,164,,
4,6,-4,199,,
4,-7,2,146,,
4,-2,-7,143,,
4,6,4,229,,
4,2,-7,158,,
4,-2,7,165,,
4,7,-2,173,,
4,2,7,187,,
4,-7,-3,138,,
4,7,2,177,,
4,-3,-7,150,,
4,-7,3,172,,
4,3,-7,159,,
4,-3,7,188,,
4,7,-3,174,,
4,3,7,181,,
4,-6,-5,150,,
4,7,3,188,,
4,-6,5,163,,
4,-5,-6,135,,
4,-5,6,173,,
4,5,-6,176,,
4,6,-5,173,,
4,5,6,181,,
4,-8,0,168,,
4,6,5,186,,
4,0,-8,151,,
4,-8,-1,155,,
4,0,8,210,,
4,8,0,204,,
4,-7,-4,154,,
4,-8,1,164,,
4,-4,-7,141,,
4,-7,4,152,,
4,-1,-8,137,,
4,-4,7,168,,
4,-1,8,170,,
4,1,-8,166,,
4,4,-7,150,,
4,7,-4,155,,
4,1,8,183,,
4,4,7,202,,
4,8,-1,178,,
4,-8,-2,151,,
4,7,4,191,,
4,8,1,180,,
4,-8,2,157,,
4,-2,-8,155,,
4,2,-8,157,,
4,-2,8,188,,
4,-6,-6,143,,
4,2,8,178,,
4,8,-2,166,,
4,6,-6,159,,
4,-6,6,175,,
4,8,2,196,,
4,-8,-3,154,,
4,6,6,206,,
4,-3,-8,149,,
4,-8,3,171,,
4,3,-8,157,,
4,-3,8,164,,
4,-7,-5,171,,
4,3,8,220,,
4,8,-3,210,,
4,8,3,221,,
4,-7,5,186,,
4,-5,-7,187,,
4,5,-7,195,,
4,-5,7,207,,
4,5,7,201,,
4,7,-5,208,,
4,-8,-4,144,,
4,7,5,180,,
4,-8,4,170,,
4,-4,-8,157,,
4,-4,8,167,,
4,4,-8,153,,
4,8,-4,179,,
4,4,8,187,,
4,-9,0,156,,
4,0,-9,155,,
4,8,4,186,,
4,-9,-1,163,,
4,0,9,182,,
4,-9,1,159,,
4,-1,-9,161,,
4,9,0,185,,
4,1,-9,148,,
4,-1,9,182,,
4,1,9,177,,
4,-9,-2,146,,
4,9,-1,187,,
4,9,1,189,,
4,-9,2,160,,
4,-7,-6,157,,
4,-6,-7,156,,
4,-7,6,170,,
4,-2,-9,138,,
4,-6,7,167,,
4,2,-9,151,,
4,-2,9,177,,
4,6,-7,157,,
4,2,9,198,,
4,7,-6,177,,
4,7,6,191,,
4,6,7,201,,
4,9,-2,192,,
4,-8,-5,156,,
4,9,2,179,,
4,-8,5,144,,
4,-5,-8,157,,
4,-5,8,169,,
4,5,-8,162,,
4,5,8,182,,
4,8,-5,171,,
4,-9,-3,165,,
4,8,5,180,,
4,-9,3,146,,
4,-3,-9,152,,
4,-3,9,178,,
4,3,-9,159,,
4,-9,-4,136,,
4,3,9,192,,
4,9,-3,173,,
4,-4,-9,157,,
4,-9,4,168,,
4,9,3,186,,
4,4,-9,152,,
4,-4,9,182,,
4,4,9,184,,
4,9,-4,184,,
4,-7,-7,147,,
4,9,4,219,,
4,-7,7,192,,
4,-10,0,182,,
4,7,-7,198,,
4,-8,-6,183,,
4,7,7,228,,
4,-8,6,196,,
4,-6,-8,175,,
4,-6,8,199,,
4,0,-10,173,,
4,6,-8,161,,
4,8,-6,169,,
4,0,10,182,,
4,-10,-1,139,,
4,6,8,202,,
4,8,6,182,,
4,10,0,183,,
4,-10,1,149,,
4,-1,-10,158,,
4,-1,10,183,,
4,1,-10,148,,
4,1,10,180,,
4,10,-1,179,,
4,-10,-2,153,,
4,-10,2,156,,
4,10,1,184,,
4,-2,-10,162,,
4,-2,10,172,,
4,2,-10,146,,
4,2,10,175,,
4,10,-2,173,,
4,-9,-5,154,,
4,10,2,180,,
4,-9,5,173,,
4,-5,-9,156,,
4,5,-9,157,,
4,-5,9,165,,
4,9,-5,178,,
4,5,9,199,,
4,9,5,185,,
4,-10,-3,155,,
4,-10,3,151,,
4,-3,-10,145,,
4,3,-10,158,,
4,-3,10,193,,
4,3,10,192,,
4,10,-3,188,,
4,-8,-7,157,,
4,10,3,185,,
4,-7,-8,137,,
4,-8,7,169,,
4,-7,8,181,,
4,7,-8,165,,
4,7,8,195,,
4,-10,-4,152,,
4,8,-7,177,,
4,-10,4,159,,
4,8,7,185,,
4,-4,-10,149,,
4,-4,10,179,,
4,4,-10,155,,
4,4,10,186,,
4,10,-4,185,,
4,-9,-6,150,,
4,-6,-9,154,,
4,10,4,185,,
4,-9,6,174,,
4,6,-9,156,,
4,-6,9,179,,
4,9,-6,175,,
4,6,9,195,,
4,-11,0,198,,
4,9,6,213,,
4,0,-11,181,,
4,-11,-1,176,,
4,0,11,215,,
4,11,0,212,,
4,-11,1,198,,
4,-1,-11,190,,
4,1,-11,174,,
4,-1,11,207,,
4,1,11,170,,
4,11,-1,170,,
4,11,1,169,,
4,-11,-2,162,,
4,-11,2,145,,
4,-10,-5,141,,
4,-5,-10,142,,
4,-10,5,148,,
4,-2,-11,143,,
4,-5,10,176,,
4,2,-11,158,,
4,2,11,171,,
4,-2,11,187,,
4,5,-10,171,,
4,10,-5,173,,
4,5,10,189,,
4,10,5,182,,
4,11,-2,185,,
4,-8,-8,143,,
4,11,2,202,,
4,-11,-3,146,,
4,-8,8,179,,
4,8,-8,161,,
4,-9,-7,150,,
4,-11,3,170,,
4,-7,-9,148,,
4,-9,7,159,,
4,8,8,199,,
4,-7,9,173,,
4,-3,-11,145,,
4,3,-11,162,,
4,-3,11,179,,
4,7,-9,157,,
4,3,11,186,,
4,9,-7,164,,
4,7,9,190,,
4,11,-3,175,,
4,9,7,192,,
4,-10,-6,139,,
4,11,3,194,,
4,-10,6,160,,
4,-6,-10,149,,
4,-6,10,171,,
4,6,-10,169,,
4,-11,-4,144,,
4,6,10,177,,
4,10,6,180,,
4,10,-6,187,,
4,-11,4,160,,
4,-4,-11,134,,
4,4,-11,152,,
4,-4,11,166,,
4,11,-4,178,,
4,4,11,187,,
4,-12,0,152,,
4,0,-12,149,,
4,11,4,187,,
4,-12,-1,163,,
4,0,12,179,,
4,12,0,191,,
4,-9,-8,131,,
4,-12,1,144,,
4,-8,-9,138,,
4,-1,-12,159,,
4,-9,8,189,,
4,-8,9,209,,
4,1,-12,185,,
4,-1,12,209,,
4,1,12,204,,
4,8,-9,207,,
4,9,-8,183,,
4,8,9,210,,
4,9,8,211,,
4,-11,-5,141,,
4,12,-1,184,,
4,-5,-11,137,,
4,-11,5,146,,
4,12,1,197,,
4,5,-11,156,,
4,-5,11,182,,
4,11,-5,163,,
4,5,11,184,,
4,-12,-2,164,,
4,-12,2,169,,
4,-2,-12,162,,
4,11,5,187,,
4,2,-12,145,,
4,-2,12,160,,
4,-10,-7,124,,
4,12,-2,169,,
4,2,12,185,,
4,12,2,177,,
4,-7,-10,141,,
4,-10,7,156,,
4,7,-10,170,,
4,-7,10,186,,
4,10,-7,175,,
4,7,10,192,,
4,-12,-3,159,,
4,-12,3,156,,
4,-3,-12,145,,
4,10,7,200,,
4,3,-12,157,,
4,-3,12,177,,
4,-11,-6,155,,
4,3,12,188,,
4,12,-3,182,,
4,12,3,192,,
4,-6,-11,151,,
4,-11,6,159,,
4,6,-11,155,,
4,-6,11,177,,
4,11,-6,171,,
4,6,11,196,,
4,-12,-4,144,,
4,-12,4,153,,
4,-4,-12,159,,
4,4,-12,163,,
4,11,6,202,,
4,-4,12,174,,
4,4,12,167,,
4,12,-4,182,,
4,-9,-9,136,,
4,12,4,187,,
4,-9,9,178,,
4,9,-9,170,,
4,-10,-8,138,,
4,-8,-10,140,,
4,-10,8,171,,
4,9,9,196,,
4,-8,10,167,,
4,8,-10,167,,
4,8,10,194,,
4,10,-8,158,,
4,-12,-5,141,,
4,-13,0,149,,
4,-12,5,161,,
4,10,8,186,,
4,-5,-12,149,,
4,0,-13,143,,
4,-5,12,218,,
4,0,13,213,,
4,5,-12,176,,
4,5,12,214,,
4,12,-5,209,,
4,12,5,196,,
4,-13,-1,186,,
4,-11,-7,160,,
4,13,0,196,,
4,-13,1,194,,
4,-11,7,143,,
4,-7,-11,134,,
4,-7,11,145,,
4,-1,-13,156,,
4,1,-13,159,,
4,-1,13,178,,
4,7,-11,160,,
4,1,13,181,,
4,7,11,189,,
4,11,-7,186,,
4,11,7,179,,
4,13,-1,177,,
4,13,1,181,,
4,-13,-2,136,,
4,-13,2,149,,
4,-2,-13,142,,
4,2,-13,160,,
4,-2,13,186,,
4,2,13,172,,
4,13,-2,171,,
4,-13,-3,160,,
4,13,2,195,,
4,-3,-13,138,,
4,-13,3,147,,
4,3,-13,164,,
4,-3,13,181,,
4,3,13,190,,
4,-12,-6,149,,
4,13,-3,186,,
4,-6,-12,143,,
4,-12,6,159,,
4,13,3,190,,
4,6,-12,158,,
4,-6,12,183,,
4,12,-6,178,,
4,-10,-9,142,,
4,6,12,212,,
4,-10,9,172,,
4,-9,-10,158,,
4,12,6,191,,
4,-9,10,165,,
4,9,-10,170,,
4,10,-9,152,,
4,9,10,196,,
4,-13,-4,141,,
4,10,9,166,,
4,-13,4,171,,
4,-11,-8,140,,
4,-8,-11,138,,
4,-11,8,158,,
4,-4,-13,152,,
4,-8,11,180,,
4,-4,13,178,,
4,4,-13,155,,
4,8,-11,151,,
4,4,13,188,,
4,11,-8,180,,
4,8,11,187,,
4,13,-4,176,,
4,-12,-7,145,,
4,11,8,200,,
4,13,4,185,,
4,-7,-12,136,,
4,-12,7,150,,
4,-7,12,165,,
4,7,-12,192,,
4,-13,-5,176,,
4,12,-7,199,,
4,7,12,208,,
4,-13,5,178,,
4,12,7,208,,
4,-5,-13,190,,
4,5,-13,175,,
4,-5,13,203,,
4,13,-5,149,,
4,5,13,213,,
4,-14,0,161,,
4,0,-14,156,,
4,13,5,180,,
4,-14,-1,148,,
4,-14,1,148,,
4,-1,-14,145,,
4,0,14,169,,
4,14,0,165,,
4,1,-14,153,,
4,-1,14,168,,
4,-14,-2,137,,
4,-10,-10,143,,
4,1,14,178,,
4,-14,2,154,,
4,14,-1,179,,
4,14,1,171,,
4,-2,-14,143,,
4,-10,10,152,,
4,2,-14,151,,
4,-2,14,170,,
4,10,-10,155,,
4,-11,-9,139,,
4,2,14,186,,
4,14,-2,168,,
4,-9,-11,153,,
4,14,2,178,,
4,-11,9,169,,
4,10,10,191,,
4,-9,11,148,,
4,9,-11,165,,
4,-14,-3,136,,
4,11,-9,166,,
4,-14,3,141,,
4,9,11,183,,
4,-13,-6,146,,
4,11,9,185,,
4,-13,6,152,,
4,-6,-13,152,,
4,-6,13,156,,
4,-3,-14,143,,
4,3,-14,149,,
4,-3,14,160,,
4,6,-13,159,,
4,3,14,189,,
4,6,13,181,,
4,13,-6,184,,
4,13,6,189,,
4,14,-3,183,,
4,-12,-8,146,,
4,14,3,179,,
4,-8,-12,148,,
4,-12,8,169,,
4,-8,12,163,,
4,8,-12,155,,
4,-14,-4,153,,
4,8,12,185,,
4,12,-8,179,,
4,12,8,181,,
4,-14,4,160,,
4,-4,-14,152,,
4,4,-14,147,,
4,-4,14,167,,
4,14,-4,173,,
4,4,14,187,,
4,-13,-7,146,,
4,-13,7,156,,
4,-7,-13,149,,
4,14,4,174,,
4,7,-13,156,,
4,-7,13,209,,
4,13,-7,199,,
4,7,13,219,,
4,-14,-5,166,,
4,-14,5,177,,
4,-11,-10,165,,
4,13,7,214,,
4,-10,-11,180,,
4,-11,10,197,,
4,-5,-14,145,,
4,-10,11,184,,
4,-5,14,152,,
4,5,-14,146,,
4,5,14,182,,
4,10,-11,176,,
4,10,11,190,,
4,11,-10,168,,
4,14,-5,160,,
4,-15,0,146,,
4,11,10,187,,
4,14,5,178,,
4,-12,9,242,,
4,0,-15,174,,
4,-9,-12,217,,
4,0,15,207,,
4,-12,-9,293,,
4,-9,12,299,,
4,9,-12,299,,
4,9,12,307,,
4,-15,-1,158,,
4,12,9,313,,
4,15,0,176,,
4,-15,1,160,,
4,-1,-15,146,,
4,12,-9,344,,
4,-1,15,145,,
4,1,-15,119,,
4,1,15,152,,
4,-15,-2,140,,
4,15,-1,155,,
4,-15,2,139,,
4,-2,-15,135,,
4,15,1,152,,
4,2,-15,140,,
4,-2,15,154,,
4,2,15,167,,
4,15,-2,149,,
4,-14,-6,132,,
4,-6,-14,138,,
4,-14,6,146,,
4,15,2,172,,
4,-6,14,153,,
4,6,-14,147,,
4,14,-6,165,,
4,6,14,178,,
4,14,6,175,,
4,-13,-8,146,,
4,-8,-13,146,,
4,-13,8,170,,
4,8,-13,156,,
4,-8,13,175,,
4,13,-8,172,,
4,8,13,181,,
4,-15,-3,156,,
4,13,8,167,,
4,-15,3,130,,
4,-3,-15,149,,
4,3,-15,167,,
4,-3,15,179,,
4,3,15,179,,
4,15,-3,174,,
4,-15,-4,147,,
4,-15,4,145,,
4,-4,-15,145,,
4,15,3,172,,
4,4,-15,139,,
4,-4,15,163,,
4,4,15,198,,
4,15,-4,199,,
4,-11,-11,170,,
4,11,-11,182,,
4,15,4,199,,
4,-11,11,190,,
4,-12,-10,166,,
4,-12,10,178,,
4,-10,-12,170,,
4,11,11,210,,
4,-10,12,136,,
4,10,-12,131,,
4,-14,-7,133,,
4,10,12,177,,
4,12,-10,158,,
4,-7,-14,136,,
4,-14,7,156,,
4,7,-14,148,,
4,12,10,177,,
4,-7,14,162,,
4,14,-7,156,,
4,7,14,186,,
4,-15,-5,144,,
4,-15,5,150,,
4,-13,-9,149,,
4,14,7,172,,
4,-13,9,149,,
4,-9,-13,140,,
4,-9,13,163,,
4,-5,-15,147,,
4,5,-15,137,,
4,-5,15,167,,
4,9,-13,152,,
4,5,15,185,,
4,13,-9,170,,
4,9,13,180,,
4,15,-5,168,,
4,13,9,177,,
4,-16,0,162,,
4,15,5,171,,
4,0,-16,142,,
4,0,16,184,,
4,-16,-1,142,,
4,-16,1,146,,
4,-1,-16,144,,
4,16,0,182,,
4,1,-16,148,,
4,-1,16,175,,
4,16,-1,172,,
4,1,16,185,,
4,16,1,164,,
4,-16,-2,146,,
4,-14,-8,141,,
4,-16,2,156,,
4,-14,8,154,,
4,-8,-14,148,,
4,-2,-16,143,,
4,-8,14,158,,
4,2,-16,146,,
4,-2,16,168,,
4,2,16,174,,
4,8,-14,157,,
4,14,-8,175,,
4,8,14,187,,
4,16,-2,162,,
4,-15,-6,142,,
4,14,8,185,,
4,-15,6,153,,
4,16,2,190,,
4,-6,-15,153,,
4,6,-15,141,,
4,-6,15,171,,
4,-16,-3,146,,
4,-16,3,138,,
4,15,-6,160,,
4,6,15,186,,
4,15,6,171,,
4,-12,-11,141,,
4,-11,-12,137,,
4,-12,11,160,,
4,-3,-16,115,,
4,-11,12,162,,
4,-3,16,148,,
4,3,-16,157,,
4,3,16,214,,
4,11,-12,198,,
4,11,12,210,,
4,12,-11,204,,
4,12,11,213,,
4,16,-3,201,,
4,16,3,204,,
4,-13,-10,219,,
4,-16,-4,172,,
4,-16,4,193,,
4,-4,-16,170,,
4,10,-13,343,,
4,-13,10,427,,
4,-10,-13,398,,
4,13,-10,342,,
4,-4,16,112,,
4,4,-16,98,,
4,13,10,329,,
4,10,13,359,,
4,4,16,95,,
4,-10,13,414,,
4,16,-4,120,,
4,-15,-7,113,,
4,16,4,136,,
4,-15,7,162,,
4,-7,-15,138,,
4,-7,15,147,,
4,7,-15,146,,
4,7,15,169,,
4,15,-7,168,,
4,-14,-9,150,,
4,15,7,174,,
4,-14,9,146,,
4,-9,-14,142,,
4,-9,14,146,,
4,9,-14,153,,
4,14,-9,159,,
4,9,14,168,,
4,-16,-5,141,,
4,-16,5,150,,
4,-5,-16,148,,
4,14,9,170,,
4,5,-16,153,,
4,-5,16,163,,
4,5,16,189,,
4,16,-5,185,,
4,-12,-12,139,,
4,16,5,169,,
4,-12,12,166,,
4,12,-12,156,,
4,-15,-8,131,,
4,-17,0,160,,
4,-15,8,159,,
4,12,12,207,,
4,-8,-15,135,,
4,0,-17,158,,
4,-8,15,174,,
4,8,-15,155,,
4,0,17,190,,
4,15,-8,158,,
4,8,15,189,,
4,15,8,176,,
4,-17,-1,148,,
4,17,0,177,,
4,-17,1,142,,
4,-13,-11,129,,
4,-11,-13,132,,
4,-13,11,165,,
4,-1,-17,148,,
4,-11,13,164,,
4,1,-17,144,,
4,-1,17,177,,
4,1,17,163,,
4,11,-13,161,,
4,11,13,186,,
4,13,-11,168,,
4,17,-1,167,,
4,13,11,195,,
4,-16,-6,151,,
4,17,1,164,,
4,-16,6,157,,
4,-6,-16,140,,
4,6,-16,152,,
4,-6,16,185,,
4,6,16,182,,
4,16,-6,179,,
4,16,6,162,,
4,-17,-2,178,,
4,-2,-17,226,,
4,-2,17,238,,
4,2,-17,236,,
4,-14,-10,155,,
4,2,17,294,,
4,-17,2,339,,
4,17,-2,270,,
4,-10,-14,167,,
4,-14,10,194,,
4,17,2,246,,
4,-10,14,176,,
4,10,-14,172,,
4,14,-10,158,,
4,10,14,200,,
4,-17,-3,165,,
4,14,10,173,,
4,-17,3,164,,
4,-3,-17,165,,
4,-3,17,180,,
4,3,-17,157,,
4,3,17,162,,
4,17,-3,162,,
4,-17,-4,137,,
4,17,3,170,,
4,-16,-7,135,,
4,-7,-16,134,,
4,-17,4,156,,
4,-16,7,149,,
4,-4,-17,126,,
4,-7,16,166,,
4,-4,17,170,,
4,4,-17,156,,
4,7,-16,147,,
4,4,17,173,,
4,7,16,177,,
4,16,-7,173,,
4,16,7,181,,
4,17,-4,176,,
4,-15,-9,143,,
4,17,4,188,,
4,-9,-15,134,,
4,-15,9,155,,
4,-9,15,165,,
4,9,-15,160,,
4,-13,-12,126,,
4,15,-9,164,,
4,-12,-13,142,,
4,9,15,185,,
4,-13,12,160,,
4,15,9,175,,
4,-12,13,155,,
4,12,-13,153,,
4,13,-12,151,,
4,12,13,166,,
4,-17,-5,146,,
4,-17,5,149,,
4,-5,-17,147,,
4,13,12,199,,
4,5,-17,151,,
4,-5,17,167,,
4,5,17,179,,
4,17,-5,161,,
4,-14,-11,141,,
4,17,5,168,,
4,-14,11,152,,
4,-11,-14,144,,
4,-11,14,162,,
4,11,-14,163,,
4,14,-11,158,,
4,-16,-8,127,,
4,11,14,194,,
4,14,11,177,,
4,-16,8,153,,
4,-8,-16,138,,
4,8,-16,150,,
4,-8,16,175,,
4,16,-8,159,,
4,-18,0,135,,
4,8,16,176,,
4,0,-18,158,,
4,16,8,187,,
4,-18,-1,155,,
4,0,18,168,,
4,18,0,173,,
4,-18,1,143,,
4,-17,-6,142,,
4,-17,6,148,,
4,-15,-10,151,,
4,-15,10,139,,
4,-10,-15,141,,
4,-10,15,172,,
4,-6,-17,153,,
4,-1,-18,145,,
4,-6,17,168,,
4,1,-18,152,,
4,-1,18,184,,
4,6,-17,140,,
4,1,18,188,,
4,10,-15,166,,
4,6,17,178,,
4,15,-10,175,,
4,10,15,192,,
4,15,10,202,,
4,17,-6,213,,
4,17,6,196,,
4,18,-1,210,,
4,18,1,202,,
4,-18,-2,169,,
4,-18,2,183,,
4,-2,-18,180,,
4,2,-18,159,,
4,-2,18,211,,
4,2,18,170,,
4,18,-2,166,,
4,18,2,169,,
4,-18,-3,148,,
4,-18,3,142,,
4,-3,-18,143,,
4,3,-18,149,,
4,-3,18,166,,
4,3,18,176,,
4,-16,-9,144,,
4,18,-3,172,,
4,18,3,170,,
4,-16,9,144,,
4,-9,-16,144,,
4,9,-16,155,,
4,-9,16,175,,
4,16,-9,170,,
4,9,16,191,,
4,-17,-7,138,,
4,16,9,173,,
4,-17,7,157,,
4,-7,-17,139,,
4,7,-17,154,,
4,-7,17,164,,
4,-13,-13,289,,
4,-13,13,282,,
4,7,17,206,,
4,-18,-4,169,,
4,17,-7,195,,
4,17,7,179,,
4,13,-13,301,,
4,-18,4,189,,
4,-14,-12,148,,
4,-12,-14,134,,
4,13,13,325,,
4,-14,12,166,,
4,-12,14,166,,
4,-4,-18,159,,
4,4,-18,124,,
4,-4,18,171,,
4,12,-14,132,,
4,4,18,171,,
4,12,14,167,,
4,14,-12,156,,
4,18,-4,161,,
4,14,12,188,,
4,-15,-11,139,,
4,18,4,171,,
4,-11,-15,137,,
4,-15,11,158,,
4,-11,15,176,,
4,11,-15,151,,
4,11,15,164,,
4,15,-11,165,,
4,-18,-5,152,,
4,-18,5,150,,
4,15,11,173,,
4,-5,-18,151,,
4,-5,18,159,,
4,5,-18,153,,
4,5,18,169,,
4,18,-5,175,,
4,-17,-8,134,,
4,18,5,170,,
4,-8,-17,134,,
4,-17,8,161,,
4,8,-17,153,,
4,-8,17,168,,
4,17,-8,165,,
4,8,17,186,,
4,-16,-10,154,,
4,-10,-16,143,,
4,17,8,177,,
4,-16,10,157,,
4,-10,16,160,,
4,10,-16,159,,
4,16,-10,161,,
4,10,16,178,,
4,16,10,184,,
4,6,-18,194,,
4,-19,0,146,,
4,0,-19,163,,
4,-18,-6,353,,
4,-6,-18,302,,
4,-18,6,351,,
4,0,19,152,,
4,-6,18,365,,
4,18,6,292,,
4,19,0,102,,
4,18,-6,358,,
4,6,18,416,,
4,-19,-2,174,,
4,-19,-1,350,,
4,-19,1,344,,
4,-19,2,169,,
4,19,-1,277,,
4,-14,-13,49,,
4,-1,-19,361,,
4,-1,19,344,,
4,19,1,353,,
4,1,-19,391,,
4,1,19,380,,
4,-14,13,91,,
4,-13,-14,89,,
4,-13,14,90,,
4,-2,-19,106,,
4,-2,19,97,,
4,2,-19,89,,
4,2,19,148,,
4,13,-14,153,,
4,14,-13,161,,
4,13,14,180,,
4,-15,-12,134,,
4,14,13,184,,
4,19,-2,166,,
4,19,2,162,,
4,-12,-15,141,,
4,-15,12,161,,
4,-12,15,150,,
4,12,-15,164,,
4,15,-12,158,,
4,12,15,173,,
4,-19,-3,157,,
4,-19,3,141,,
4,15,12,185,,
4,-17,-9,226,,
4,-3,-19,160,,
4,-9,-17,244,,
4,-17,9,279,,
4,3,-19,156,,
4,-3,19,168,,
4,3,19,175,,
4,-9,17,270,,
4,9,-17,273,,
4,17,-9,248,,
4,19,-3,210,,
4,-18,-7,184,,
4,19,3,205,,
4,-18,7,192,,
4,-7,-18,168,,
4,9,17,335,,
4,-7,18,164,,
4,7,-18,62,,
4,17,9,277,,
4,7,18,89,,
4,18,-7,86,,
4,-19,-4,114,,
4,18,7,123,,
4,-19,4,129,,
4,-16,-11,119,,
4,-11,-16,121,,
4,-16,11,136,,
4,-4,-19,130,,
4,-11,16,160,,
4,4,-19,149,,
4,-4,19,173,,
4,11,-16,161,,
4,4,19,172,,
4,16,-11,163,,
4,11,16,184,,
4,19,-4,172,,
4,-19,-5,140,,
4,16,11,190,,
4,19,4,176,,
4,-19,5,161,,
4,-5,-19,183,,
4,-5,19,184,,
4,5,-19,176,,
4,5,19,201,,
4,-18,-8,170,,
4,19,-5,202,,
4,-18,8,176,,
4,-8,-18,175,,
4,19,5,198,,
4,-8,18,140,,
4,8,-18,141,,
4,-17,-10,113,,
4,8,18,182,,
4,18,-8,170,,
4,18,8,155,,
4,-10,-17,132,,
4,-17,10,149,,
4,-10,17,151,,
4,10,-17,158,,
4,10,17,173,,
4,17,-10,167,,
4,-14,-14,127,,
4,17,10,166,,
4,-14,14,139,,
4,-15,-13,132,,
4,14,-14,164,,
4,-13,-15,134,,
4,-15,13,164,,
4,14,14,189,,
4,-13,15,151,,
4,13,-15,146,,
4,13,15,173,,
4,-19,-6,138,,
4,15,-13,175,,
4,-19,6,142,,
4,-6,-19,135,,
4,15,13,187,,
4,6,-19,154,,
4,-6,19,167,,
4,6,19,161,,
4,19,-6,147,,
4,-20,0,144,,
4,19,6,155,,
4,-16,-12,122,,
4,-16,12,129,,
4,-12,-16,126,,
4,-12,16,131,,
4,0,-20,132,,
4,12,-16,126,,
4,16,-12,105,,
4,12,16,114,,
4,16,12,59,,
5,-1,0,127,,
5,0,0,134,,
5,0,-1,142,,
5,0,1,163,,
5,-1,-1,146,,
5,1,0,166,,
5,1,-1,147,,
5,-2,0,142,,
5,-1,1,152,,
5,1,1,170,,
5,0,-2,135,,
5,-2,-1,121,,
5,0,2,161,,
5,-1,-2,119,,
5,2,0,178,,
5,-2,1,160,,
5,-1,2,167,,
5,1,2,176,,
5,1,-2,181,,
5,2,-1,180,,
5,2,1,179,,
5,-2,-2,152,,
5,-2,2,175,,
5,-3,0,139,,
5,2,-2,193,,
5,2,2,181,,
5,0,-3,163,,
5,-3,-1,144,,
5,0,3,185,,
5,3,0,188,,
5,-1,-3,153,,
5,-3,1,172,,
5,1,-3,153,,
5,-1,3,189,,
5,1,3,183,,
5,-3,-2,144,,
5,3,-1,182,,
5,3,1,184,,
5,-2,-3,158,,
5,-3,2,168,,
5,2,-3,170,,
5,-2,3,190,,
5,2,3,193,,
5,3,-2,175,,
5,-4,0,165,,
5,0,-4,158,,
5,3,2,208,,
5,-4,-1,168,,
5,4,0,190,,
5,0,4,199,,
5,-1,-4,159,,
5,-4,1,170,,
5,1,-4,158,,
5,-1,4,183,,
5,-3,-3,140,,
5,4,-1,179,,
5,1,4,189,,
5,4,1,219,,
5,-3,3,204,,
5,3,-3,204,,
5,-4,-2,189,,
5,3,3,223,,
5,-4,2,188,,
5,-2,-4,171,,
5,-2,4,203,,
5,2,-4,198,,
5,2,4,222,,
5,4,-2,168,,
5,-5,0,160,,
5,-4,-3,140,,
5,4,2,188,,
5,-3,-4,148,,
5,-4,3,162,,
5,-3,4,163,,
5,0,-5,166,,
5,3,-4,156,,
5,0,5,206,,
5,4,-3,175,,
5,3,4,199,,
5,-5,-1,146,,
5,4,3,208,,
5,5,0,204,,
5,-5,1,164,,
5,-1,-5,142,,
5,-1,5,183,,
5,1,-5,166,,
5,1,5,188,,
5,5,-1,185,,
5,5,1,188,,
5,-4,-4,180,,
5,-2,5,321,,
5,-4,4,171,,
5,-5,-2,381,,
5,-5,2,394,,
5,2,5,320,,
5,-2,-5,429,,
5,5,2,340,,
5,5,-2,389,,
5,4,-4,143,,
5,2,-5,467,,
5,-5,-3,110,,
5,4,4,152,,
5,-5,3,127,,
5,-3,-5,122,,
5,3,-5,158,,
5,-3,5,165,,
5,-6,0,167,,
5,3,5,189,,
5,5,-3,182,,
5,5,3,185,,
5,0,-6,183,,
5,0,6,189,,
5,-6,-1,165,,
5,6,0,210,,
5,-1,-6,138,,
5,-6,1,149,,
5,1,-6,166,,
5,-6,-2,134,,
5,-1,6,185,,
5,1,6,182,,
5,6,-1,173,,
5,6,1,179,,
5,-6,2,160,,
5,-2,-6,142,,
5,2,-6,166,,
5,-2,6,179,,
5,-5,-4,137,,
5,6,-2,162,,
5,2,6,187,,
5,-4,-5,158,,
5,-5,4,171,,
5,6,2,192,,
5,4,-5,171,,
5,-4,5,181,,
5,4,5,188,,
5,5,-4,182,,
5,5,4,195,,
5,-6,-3,175,,
5,3,-6,206,,
5,-6,3,238,,
5,-3,-6,235,,
5,-7,0,164,,
5,-3,6,298,,
5,6,-3,284,,
5,0,-7,163,,
5,3,6,351,,
5,0,7,207,,
5,6,3,300,,
5,-7,-1,168,,
5,-5,-5,167,,
5,7,0,190,,
5,-7,1,180,,
5,-5,5,175,,
5,-1,-7,169,,
5,-1,7,151,,
5,1,-7,144,,
5,5,-5,158,,
5,1,7,178,,
5,-6,-4,135,,
5,5,5,180,,
5,7,-1,183,,
5,7,1,181,,
5,-4,-6,136,,
5,-6,4,158,,
5,-4,6,170,,
5,4,-6,162,,
5,4,6,189,,
5,6,-4,176,,
5,-7,-2,147,,
5,-7,2,146,,
5,6,4,188,,
5,-2,-7,146,,
5,2,-7,159,,
5,-2,7,182,,
5,2,7,187,,
5,7,-2,179,,
5,-7,-3,146,,
5,-3,-7,141,,
5,7,2,176,,
5,-7,3,163,,
5,-3,7,176,,
5,3,-7,177,,
5,7,-3,161,,
5,3,7,181,,
5,-6,-5,140,,
5,-6,5,160,,
5,-5,-6,146,,
5,7,3,192,,
5,-5,6,180,,
5,5,-6,175,,
5,6,-5,167,,
5,5,6,175,,
5,-8,0,155,,
5,0,-8,154,,
5,6,5,203,,
5,-8,-1,148,,
5,0,8,187,,
5,8,0,187,,
5,-7,-4,147,,
5,-8,1,158,,
5,-4,-7,158,,
5,-7,4,173,,
5,-1,-8,145,,
5,-4,7,192,,
5,-1,8,182,,
5,1,-8,159,,
5,4,-7,172,,
5,1,8,183,,
5,7,-4,179,,
5,4,7,190,,
5,7,4,180,,
5,8,-1,172,,
5,-8,-2,144,,
5,-8,2,149,,
5,8,1,194,,
5,-2,-8,142,,
5,-2,8,158,,
5,2,-8,156,,
5,-6,-6,157,,
5,2,8,186,,
5,8,-2,191,,
5,8,2,190,,
5,-6,6,166,,
5,-8,-3,151,,
5,6,-6,192,,
5,6,6,229,,
5,-3,-8,177,,
5,-8,3,184,,
5,3,-8,183,,
5,-3,8,194,,
5,3,8,213,,
5,-7,-5,159,,
5,8,-3,207,,
5,-7,5,146,,
5,8,3,217,,
5,-5,-7,132,,
5,5,-7,174,,
5,-5,7,181,,
5,7,-5,178,,
5,-8,-4,148,,
5,5,7,196,,
5,-8,4,150,,
5,-4,-8,143,,
5,4,-8,157,,
5,7,5,197,,
5,-4,8,172,,
5,8,-4,177,,
5,4,8,195,,
5,-9,0,161,,
5,0,-9,158,,
5,8,4,188,,
5,-9,-1,159,,
5,0,9,193,,
5,9,0,189,,
5,-1,-9,161,,
5,-9,1,169,,
5,1,-9,161,,
5,-1,9,178,,
5,9,-1,158,,
5,1,9,177,,
5,9,1,183,,
5,-7,-6,150,,
5,-6,-7,150,,
5,-7,6,166,,
5,-9,-2,269,,
5,-6,7,190,,
5,-9,2,298,,
5,6,-7,201,,
5,7,-6,200,,
5,6,7,215,,
5,2,-9,310,,
5,-2,-9,378,,
5,7,6,192,,
5,2,9,319,,
5,-2,9,391,,
5,-8,-5,143,,
5,-8,5,162,,
5,-5,-8,158,,
5,9,2,303,,
5,-5,8,191,,
5,9,-2,356,,
5,5,-8,181,,
5,8,-5,197,,
5,-9,-3,160,,
5,5,8,211,,
5,8,5,183,,
5,-3,-9,138,,
5,-9,3,183,,
5,3,-9,143,,
5,-3,9,168,,
5,-9,-4,143,,
5,3,9,188,,
5,9,-3,183,,
5,-9,4,148,,
5,-4,-9,136,,
5,9,3,162,,
5,-4,9,161,,
5,4,-9,145,,
5,4,9,179,,
5,9,-4,182,,
5,-7,-7,141,,
5,-7,7,161,,
5,9,4,172,,
5,7,-7,161,,
5,-10,0,161,,
5,-8,-6,130,,
5,7,7,190,,
5,-8,6,156,,
5,-6,-8,146,,
5,0,-10,155,,
5,-6,8,169,,
5,6,-8,177,,
5,0,10,194,,
5,6,8,218,,
5,8,-6,203,,
5,8,6,213,,
5,10,0,205,,
5,-10,-1,218,,
5,-10,1,267,,
5,-1,-10,260,,
5,-10,-2,178,,
5,-10,2,164,,
5,-2,-10,182,,
5,1,-10,278,,
5,1,10,263,,
5,-1,10,355,,
5,10,1,264,,
5,10,-1,271,,
5,-2,10,181,,
5,2,-10,162,,
5,2,10,151,,
5,-9,-5,142,,
5,10,-2,178,,
5,10,2,182,,
5,-9,5,165,,
5,-5,-9,165,,
5,5,-9,187,,
5,-5,9,206,,
5,9,-5,156,,
5,5,9,186,,
5,-10,-3,141,,
5,9,5,177,,
5,-10,3,155,,
5,-3,-10,143,,
5,-3,10,169,,
5,3,-10,169,,
5,3,10,167,,
5,10,-3,160,,
5,-8,-7,135,,
5,10,3,189,,
5,-8,7,154,,
5,-7,-8,135,,
5,-7,8,171,,
5,7,-8,170,,
5,8,-7,165,,
5,-10,-4,143,,
5,7,8,202,,
5,-10,4,166,,
5,8,7,198,,
5,-4,-10,148,,
5,4,-10,166,,
5,-4,10,184,,
5,10,-4,173,,
5,4,10,184,,
5,-9,-6,144,,
5,-9,6,152,,
5,10,4,188,,
5,-6,-9,138,,
5,6,-9,167,,
5,-6,9,174,,
5,6,9,177,,
5,9,-6,165,,
5,-11,0,147,,
5,0,-11,143,,
5,9,6,187,,
5,-11,-1,157,,
5,0,11,187,,
5,11,0,188,,
5,-1,-11,149,,
5,-11,1,157,,
5,1,-11,163,,
5,-1,11,181,,
5,1,11,178,,
5,11,-1,177,,
5,11,1,177,,
5,-11,-2,151,,
5,-11,2,151,,
5,-10,-5,145,,
5,-5,-10,145,,
5,-10,5,164,,
5,-2,-11,139,,
5,-5,10,174,,
5,2,-11,168,,
5,-2,11,187,,
5,5,-10,156,,
5,2,11,176,,
5,10,-5,161,,
5,5,10,175,,
5,10,5,195,,
5,11,-2,181,,
5,-8,-8,140,,
5,11,2,172,,
5,-8,8,160,,
5,8,-8,156,,
5,-11,-3,150,,
5,-9,-7,141,,
5,-11,3,165,,
5,8,8,183,,
5,-7,-9,140,,
5,-9,7,165,,
5,-3,-11,165,,
5,-7,9,205,,
5,3,-11,193,,
5,-3,11,200,,
5,7,-9,191,,
5,9,-7,186,,
5,3,11,209,,
5,7,9,207,,
5,9,7,213,,
5,-10,-6,137,,
5,11,-3,204,,
5,11,3,165,,
5,-6,-10,142,,
5,-10,6,156,,
5,6,-10,157,,
5,-6,10,174,,
5,10,-6,170,,
5,6,10,184,,
5,-11,-4,144,,
5,-4,-11,138,,
5,-11,4,160,,
5,10,6,187,,
5,-4,11,174,,
5,4,-11,166,,
5,11,-4,170,,
5,-12,0,150,,
5,4,11,178,,
5,0,-12,145,,
5,11,4,185,,
5,-12,-1,146,,
5,0,12,175,,
5,12,0,182,,
5,-9,-8,130,,
5,-12,1,146,,
5,-8,-9,136,,
5,-1,-12,148,,
5,-9,8,173,,
5,-8,9,166,,
5,1,-12,151,,
5,-1,12,170,,
5,1,12,179,,
5,8,-9,173,,
5,9,-8,159,,
5,8,9,181,,
5,-11,-5,143,,
5,9,8,189,,
5,12,1,172,,
5,-11,5,152,,
5,12,-1,179,,
5,-5,-11,165,,
5,-5,11,170,,
5,5,-11,163,,
5,11,-5,167,,
5,5,11,189,,
5,-12,-2,149,,
5,11,5,172,,
5,-2,-12,155,,
5,-12,2,174,,
5,2,-12,154,,
5,-2,12,176,,
5,2,12,190,,
5,12,-2,188,,
5,-10,-7,147,,
5,12,2,172,,
5,-7,-10,143,,
5,-10,7,172,,
5,7,-10,160,,
5,-7,10,174,,
5,7,10,187,,
5,10,-7,170,,
5,-12,-3,142,,
5,-12,3,154,,
5,10,7,184,,
5,-3,-12,152,,
5,-3,12,153,,
5,3,-12,155,,
5,-11,-6,144,,
5,3,12,184,,
5,12,-3,176,,
5,12,3,172,,
5,-11,6,160,,
5,-6,-11,169,,
5,6,-11,182,,
5,-6,11,193,,
5,11,-6,189,,
5,6,11,219,,
5,-12,-4,168,,
5,-12,4,179,,
5,-4,-12,174,,
5,11,6,214,,
5,-4,12,205,,
5,4,-12,159,,
5,4,12,180,,
5,12,-4,174,,
5,-9,-9,148,,
5,12,4,180,,
5,-9,9,173,,
5,-10,-8,136,,
5,9,-9,175,,
5,-8,-10,130,,
5,9,9,183,,
5,-10,8,167,,
5,-8,10,153,,
5,8,-10,156,,
5,8,10,190,,
5,10,-8,180,,
5,-13,0,147,,
5,-12,-5,147,,
5,-12,5,150,,
5,-5,-12,143,,
5,10,8,184,,
5,-5,12,175,,
5,0,-13,148,,
5,0,13,192,,
5,5,-12,152,,
5,12,-5,162,,
5,5,12,188,,
5,-13,-1,159,,
5,13,0,182,,
5,-13,1,164,,
5,12,5,198,,
5,-11,-7,141,,
5,-11,7,176,,
5,-7,-11,144,,
5,-7,11,169,,
5,-1,-13,155,,
5,1,-13,146,,
5,-1,13,173,,
5,1,13,160,,
5,7,-11,175,,
5,11,-7,165,,
5,7,11,184,,
5,11,7,182,,
5,13,-1,181,,
5,-13,-2,148,,
5,13,1,164,,
5,-13,2,150,,
5,-2,-13,164,,
5,-2,13,170,,
5,2,-13,160,,
5,2,13,166,,
5,13,-2,181,,
5,-13,-3,152,,
5,-3,-13,140,,
5,13,2,178,,
5,-13,3,159,,
5,-3,13,179,,
5,3,-13,144,,
5,13,-3,175,,
5,3,13,185,,
5,-12,-6,150,,
5,13,3,185,,
5,-6,-12,133,,
5,-12,6,167,,
5,-6,12,171,,
5,6,-12,160,,
5,12,-6,152,,
5,6,12,196,,
5,-10,-9,143,,
5,-9,-10,133,,
5,12,6,175,,
5,-10,9,165,,
5,-9,10,196,,
5,9,-10,192,,
5,10,-9,192,,
5,9,10,231,,
5,10,9,216,,
5,-13,-4,176,,
5,-11,-8,169,,
5,-13,4,178,,
5,-8,-11,156,,
5,-11,8,190,,
5,-8,11,159,,
5,-4,-13,139,,
5,-4,13,175,,
5,4,-13,142,,
5,8,-11,175,,
5,11,-8,170,,
5,8,11,182,,
5,4,13,195,,
5,13,-4,151,,
5,11,8,193,,
5,-12,-7,190,,
5,13,4,197,,
5,-7,-12,232,,
5,-12,7,250,,
5,-13,-5,167,,
5,7,-12,235,,
5,-5,-13,181,,
5,-13,5,189,,
5,-7,12,294,,
5,7,12,281,,
5,12,-7,276,,
5,12,7,290,,
5,5,-13,138,,
5,-5,13,156,,
5,5,13,165,,
5,13,-5,175,,
5,13,5,156,,
5,-14,0,148,,
5,0,-14,138,,
5,0,14,156,,
5,-14,-1,140,,
5,14,0,171,,
5,-14,1,134,,
5,-1,-14,146,,
5,-1,14,173,,
5,1,-14,148,,
5,14,1,161,,
5,1,14,199,,
5,14,-1,195,,
5,-14,-2,178,,
5,-10,-10,158,,
5,-14,2,174,,
5,-2,-14,163,,
5,-10,10,185,,
5,-2,14,173,,
5,2,-14,169,,
5,10,-10,151,,
5,2,14,180,,
5,-11,-9,136,,
5,-9,-11,137,,
5,10,10,167,,
5,14,-2,162,,
5,-11,9,151,,
5,14,2,166,,
5,-9,11,150,,
5,9,-11,146,,
5,11,-9,159,,
5,9,11,171,,
5,-14,-3,149,,
5,-13,-6,142,,
5,-14,3,162,,
5,-6,-13,142,,
5,11,9,185,,
5,-13,6,157,,
5,-3,-14,147,,
5,-6,13,175,,
5,3,-14,149,,
5,-3,14,170,,
5,6,-13,156,,
5,3,14,164,,
5,13,-6,172,,
5,6,13,194,,
5,13,6,184,,
5,14,-3,188,,
5,-12,-8,142,,
5,14,3,175,,
5,-12,8,150,,
5,-8,-12,144,,
5,-8,12,153,,
5,8,-12,149,,
5,12,-8,155,,
5,-14,-4,153,,
5,8,12,188,,
5,12,8,177,,
5,-4,-14,144,,
5,-14,4,156,,
5,4,-14,147,,
5,-4,14,186,,
5,14,-4,174,,
5,4,14,187,,
5,14,4,180,,
5,-14,-5,166,,
5,-14,5,164,,
5,-7,13,339,,
5,7,-13,380,,
5,-7,-13,412,,
5,-11,-10,112,,
5,-13,7,436,,
5,-11,10,85,,
5,-10,-11,83,,
5,-13,-7,457,,
5,7,13,413,,
5,13,-7,397,,
5,13,7,390,,
5,-10,11,121,,
5,-5,-14,116,,
5,-5,14,143,,
5,5,-14,142,,
5,5,14,211,,
5,10,-11,189,,
5,11,-10,189,,
5,10,11,196,,
5,11,10,193,,
5,14,-5,185,,
5,-15,0,162,,
5,-12,-9,162,,
5,14,5,205,,
5,-12,9,165,,
5,-9,-12,132,,
5,-9,12,149,,
5,0,-15,145,,
5,9,-12,135,,
5,0,15,179,,
5,12,-9,162,,
5,9,12,179,,
5,-15,-1,148,,
5,12,9,173,,
5,15,0,188,,
5,-15,1,156,,
5,-1,-15,150,,
5,1,-15,153,,
5,-1,15,187,,
5,1,15,176,,
5,-15,-2,151,,
5,15,-1,179,,
5,15,1,181,,
5,-15,2,147,,
5,-2,-15,147,,
5,-2,15,161,,
5,2,-15,150,,
5,2,15,172,,
5,15,-2,173,,
5,15,2,186,,
5,-14,-6,190,,
5,-13,-8,145,,
5,-13,8,155,,
5,-8,-13,149,,
5,-14,6,350,,
5,-6,-14,384,,
5,14,-6,356,,
5,-8,13,137,,
5,6,-14,396,,
5,-6,14,417,,
5,8,-13,103,,
5,6,14,414,,
5,14,6,359,,
5,8,13,115,,
5,13,-8,116,,
5,13,8,117,,
5,-15,-3,158,,
5,-15,3,164,,
5,-3,-15,152,,
5,-3,15,176,,
5,3,-15,172,,
5,-15,-4,175,,
5,3,15,202,,
5,15,-3,196,,
5,15,3,204,,
5,-15,4,170,,
5,-4,-15,125,,
5,4,-15,146,,
5,-4,15,154,,
5,4,15,161,,
5,15,-4,177,,
5,-11,-11,136,,
5,15,4,160,,
5,-11,11,155,,
5,11,-11,165,,
5,-12,-10,128,,
5,-10,-12,141,,
5,11,11,198,,
5,-12,10,158,,
5,10,-12,157,,
5,-10,12,182,,
5,12,-10,166,,
5,10,12,181,,
5,-14,-7,147,,
5,-14,7,157,,
5,12,10,190,,
5,-7,-14,148,,
5,-7,14,176,,
5,7,-14,177,,
5,14,-7,168,,
5,7,14,186,,
5,-15,-5,165,,
5,-13,-9,154,,
5,-15,5,175,,
5,14,7,197,,
5,-13,9,171,,
5,-9,-13,150,,
5,-5,-15,159,,
5,-9,13,178,,
5,-5,15,170,,
5,5,-15,161,,
5,5,15,166,,
5,9,-13,158,,
5,9,13,175,,
5,13,-9,188,,
5,15,-5,168,,
5,13,9,207,,
5,-16,0,146,,
5,15,5,165,,
5,0,-16,147,,
5,-16,-1,147,,
5,0,16,175,,
5,16,0,176,,
5,-16,1,147,,
5,-1,-16,137,,
5,1,-16,143,,
5,-1,16,176,,
5,1,16,171,,
5,16,-1,175,,
5,-16,-2,151,,
5,16,1,176,,
5,-16,2,144,,
5,-14,-8,144,,
5,-8,-14,134,,
5,-14,8,156,,
5,-8,14,159,,
5,-2,-16,152,,
5,2,-16,148,,
5,-2,16,169,,
5,8,-14,159,,
5,2,16,168,,
5,14,-8,157,,
5,8,14,183,,
5,16,-2,181,,
5,14,8,192,,
5,-15,-6,145,,
5,16,2,171,,
5,-15,6,147,,
5,-6,-15,132,,
5,6,-15,154,,
5,-6,15,171,,
5,6,15,173,,
5,-16,-3,147,,
5,15,-6,183,,
5,-16,3,150,,
5,15,6,167,,
5,-12,-11,141,,
5,-11,-12,131,,
5,-12,11,153,,
5,-11,12,157,,
5,-3,-16,150,,
5,-3,16,157,,
5,3,-16,145,,
5,11,-12,193,,
5,3,16,203,,
5,12,-11,197,,
5,16,-3,188,,
5,11,12,216,,
5,12,11,218,,
5,-13,-10,160,,
5,16,3,193,,
5,-10,-13,156,,
5,-13,10,186,,
5,-10,13,160,,
5,10,-13,158,,
5,-16,-4,138,,
5,13,-10,166,,
5,10,13,180,,
5,13,10,190,,
5,-16,4,148,,
5,-4,-16,149,,
5,4,-16,152,,
5,-4,16,168,,
5,-15,-7,144,,
5,4,16,174,,
5,16,-4,174,,
5,-15,7,158,,
5,-7,-15,133,,
5,16,4,191,,
5,-7,15,150,,
5,7,-15,152,,
5,15,-7,171,,
5,7,15,192,,
5,-14,-9,146,,
5,-14,9,150,,
5,-9,-14,155,,
5,15,7,179,,
5,-9,14,160,,
5,9,-14,155,,
5,9,14,177,,
5,14,-9,163,,
5,-16,-5,146,,
5,-16,5,141,,
5,-5,-16,142,,
5,14,9,186,,
5,5,-16,137,,
5,-5,16,179,,
5,5,16,174,,
5,16,-5,170,,
5,-12,-12,142,,
5,16,5,180,,
5,12,-12,143,,
5,-12,12,163,,
5,-17,0,143,,
5,-15,-8,149,,
5,12,12,201,,
5,-15,8,151,,
5,-8,-15,150,,
5,-8,15,161,,
5,0,-17,155,,
5,8,-15,149,,
5,0,17,193,,
5,8,15,175,,
5,15,-8,178,,
5,-17,-1,153,,
5,15,8,188,,
5,-17,1,151,,
5,-13,-11,135,,
5,17,0,173,,
5,-13,11,151,,
5,-11,-13,125,,
5,-11,13,154,,
5,-1,-17,146,,
5,-1,17,161,,
5,1,-17,134,,
5,11,-13,163,,
5,1,17,172,,
5,13,-11,167,,
5,11,13,190,,
5,17,-1,156,,
5,13,11,192,,
5,-16,-6,145,,
5,17,1,170,,
5,-16,6,148,,
5,-6,-16,135,,
5,6,-16,144,,
5,-6,16,171,,
5,-17,-2,134,,
5,6,16,179,,
5,16,-6,180,,
5,16,6,181,,
5,-17,2,151,,
5,-2,-17,149,,
5,2,-17,146,,
5,-2,17,168,,
5,2,17,176,,
5,-14,-10,144,,
5,17,-2,178,,
5,-10,-14,131,,
5,17,2,183,,
5,-14,10,175,,
5,10,-14,186,,
5,-10,14,201,,
5,10,14,198,,
5,14,-10,195,,
5,-17,-3,173,,
5,-3,-17,179,,
5,-17,3,189,,
5,14,10,220,,
5,3,-17,143,,
5,-3,17,181,,
5,17,-3,158,,
5,3,17,170,,
5,-17,-4,145,,
5,17,3,183,,
5,-17,4,154,,
5,-16,-7,136,,
5,-7,-16,135,,
5,-16,7,147,,
5,-4,-17,126,,
5,-7,16,166,,
5,4,-17,158,,
5,-4,17,175,,
5,4,17,175,,
5,7,-16,155,,
5,7,16,169,,
5,16,-7,171,,
5,16,7,184,,
5,-15,-9,140,,
5,17,-4,181,,
5,17,4,182,,
5,-9,-15,135,,
5,-15,9,154,,
5,-9,15,154,,
5,9,-15,158,,
5,15,-9,150,,
5,-13,-12,145,,
5,-12,-13,139,,
5,9,15,191,,
5,15,9,176,,
5,-13,12,165,,
5,-12,13,154,,
5,12,-13,169,,
5,13,-12,159,,
5,12,13,180,,
5,-17,-5,138,,
5,-17,5,151,,
5,-5,-17,146,,
5,13,12,188,,
5,5,-17,141,,
5,-5,17,159,,
5,5,17,177,,
5,17,-5,186,,
5,-14,-11,144,,
5,17,5,182,,
5,-11,-14,133,,
5,-14,11,167,,
5,11,-14,151,,
5,-11,14,167,,
5,11,14,173,,
5,14,-11,173,,
5,-16,-8,128,,
5,14,11,195,,
5,-16,8,157,,
5,-8,-16,139,,
5,8,-16,144,,
5,-8,16,182,,
5,16,-8,173,,
5,8,16,194,,
5,16,8,165,,
5,-18,0,157,,
5,0,-18,172,,
5,0,18,187,,
5,18,0,192,,
5,-17,-6,132,,
5,-18,-1,194,,
5,-15,-10,134,,
5,-17,6,154,,
5,-15,10,182,,
5,-10,-15,181,,
5,-10,15,194,,
5,-6,-17,170,,
5,-18,1,324,,
5,-6,17,187,,
5,6,-17,164,,
5,6,17,180,,
5,-1,-18,297,,
5,10,-15,166,,
5,1,-18,257,,
5,10,15,186,,
5,1,18,290,,
5,15,-10,178,,
5,-1,18,359,,
5,15,10,187,,
5,17,-6,149,,
5,17,6,169,,
5,-18,-2,131,,
5,-18,2,148,,
5,-2,-18,132,,
5,2,-18,150,,
5,-2,18,163,,
5,18,-1,282,,
5,2,18,194,,
5,18,-2,176,,
5,18,1,270,,
5,18,2,176,,
5,-18,-3,148,,
5,-18,3,154,,
5,-3,-18,151,,
5,3,-18,121,,
5,-3,18,178,,
5,-16,-9,127,,
5,3,18,164,,
5,18,-3,164,,
5,-9,-16,132,,
5,-16,9,150,,
5,18,3,181,,
5,9,-16,150,,
5,-9,16,172,,
5,9,16,172,,
5,16,-9,160,,
5,-17,-7,135,,
5,-13,-13,121,,
5,-17,7,139,,
5,16,9,185,,
5,-13,13,150,,
5,-7,-17,144,,
5,-7,17,163,,
5,7,-17,158,,
5,13,-13,157,,
5,7,17,187,,
5,-18,-4,127,,
5,13,13,183,,
5,17,-7,175,,
5,17,7,167,,
5,-18,4,140,,
5,-14,-12,135,,
5,-12,-14,127,,
5,-14,12,151,,
5,-12,14,167,,
5,-4,-18,145,,
5,4,-18,150,,
5,-4,18,161,,
5,12,-14,136,,
5,4,18,169,,
5,14,-12,161,,
5,12,14,175,,
5,14,12,180,,
5,18,-4,166,,
5,-15,-11,138,,
5,-11,-15,142,,
5,18,4,174,,
5,-15,11,160,,
5,-11,15,167,,
5,11,-15,156,,
5,11,15,173,,
5,15,-11,168,,
5,-18,-5,147,,
5,15,11,175,,
5,-18,5,138,,
5,-5,-18,150,,
5,5,-18,147,,
5,-5,18,162,,
5,5,18,172,,
5,-17,-8,134,,
5,18,-5,171,,
5,-17,8,157,,
5,18,5,178,,
5,-8,-17,153,,
5,-8,17,158,,
5,8,-17,155,,
5,8,17,173,,
5,17,-8,168,,
5,-16,-10,135,,
5,-16,10,142,,
5,-10,-16,144,,
5,17,8,190,,
5,-10,16,159,,
5,10,-16,156,,
5,10,16,176,,
5,16,-10,146,,
5,-18,-6,149,,
5,16,10,180,,
5,-18,6,158,,
5,-6,-18,144,,
5,-6,18,143,,
5,6,-18,156,,
5,18,-6,160,,
5,6,18,183,,
5,-19,0,136,,
5,18,6,165,,
5,0,-19,189,,
5,-19,-1,172,,
5,-19,1,180,,
5,0,19,207,,
5,19,0,203,,
5,-1,-19,168,,
5,1,-19,175,,
5,-1,19,197,,
5,1,19,191,,
5,19,-1,211,,
5,-19,-2,136,,
5,19,1,164,,
5,-19,2,133,,
5,-14,-13,142,,
5,-13,-14,134,,
5,-14,13,157,,
5,-13,14,156,,
5,-2,-19,148,,
5,2,-19,132,,
5,-2,19,176,,
5,2,19,169,,
5,13,-14,160,,
5,14,-13,150,,
5,13,14,176,,
5,19,-2,166,,
5,14,13,187,,
5,-15,-12,136,,
5,19,2,162,,
5,-12,-15,129,,
5,-15,12,168,,
5,12,-15,150,,
5,-12,15,159,,
5,15,-12,168,,
5,-19,-3,129,,
5,12,15,193,,
5,-19,3,141,,
5,15,12,179,,
5,-17,-9,161,,
5,-17,9,153,,
5,-9,-17,143,,
5,-3,-19,143,,
5,-9,17,159,,
5,3,-19,153,,
5,-3,19,162,,
5,9,-17,141,,
5,3,19,187,,
5,9,17,183,,
5,17,-9,168,,
5,17,9,176,,
5,19,-3,167,,
5,-18,-7,131,,
5,19,3,166,,
5,-7,-18,143,,
5,-18,7,164,,
5,7,-18,130,,
5,-7,18,169,,
5,7,18,166,,
5,18,-7,161,,
5,-16,-11,121,,
5,-19,-4,155,,
5,-19,4,137,,
5,18,7,169,,
5,-16,11,138,,
5,-11,-16,136,,
5,-4,-19,136,,
5,-11,16,165,,
5,4,-19,150,,
5,-4,19,167,,
5,11,-16,148,,
5,4,19,168,,
5,16,-11,168,,
5,11,16,191,,
5,16,11,182,,
5,19,-4,171,,
5,-19,-5,148,,
5,19,4,170,,
5,-19,5,151,,
5,-5,-19,141,,
5,-5,19,161,,
5,5,-19,152,,
5,5,19,166,,
5,19,-5,170,,
5,-18,-8,146,,
5,19,5,166,,
5,-8,-18,141,,
5,-18,8,161,,
5,8,-18,154,,
5,-8,18,171,,
5,18,-8,158,,
5,8,18,169,,
5,-17,-10,143,,
5,18,8,162,,
5,-17,10,154,,
5,-10,-17,145,,
5,-10,17,159,,
5,10,-17,153,,
5,10,17,167,,
5,-14,-14,141,,
5,17,-10,169,,
5,17,10,194,,
5,-14,14,175,,
5,14,-14,167,,
5,-15,-13,152,,
5,-13,-15,163,,
5,-15,13,183,,
5,14,14,218,,
5,-13,15,187,,
5,13,-15,185,,
5,13,15,209,,
5,-19,-6,126,,
5,15,-13,159,,
5,-19,6,147,,
5,15,13,176,,
5,-6,-19,148,,
5,6,-19,143,,
5,-6,19,156,,
5,6,19,170,,
5,19,-6,161,,
5,-20,0,140,,
5,-16,-12,124,,
5,19,6,157,,
5,-12,-16,124,,
5,-16,12,133,,
5,0,-20,134,,
5,-12,16,149,,
5,12,-16,136,,
5,12,16,88,,
5,16,-12,82,,
5,16,12,78,,
